"Articulo","Codigo","Grupo","NombreGrupo","Origen"
"ACEITE AJONJOLI","1160001","116","GRASAS Y ACEITES","ya estaba en la tabla"
"ACEITE DE OLIVA","1160002","116","GRASAS Y ACEITES","ya estaba en la tabla"
"ACEITE GIRASOL","1160003","116","GRASAS Y ACEITES","ya estaba en la tabla"
"ACEITE VEGETAL","1160004","116","GRASAS Y ACEITES","ya estaba en la tabla"
"ACEITUNAS DESHUESADA VERDE X 1000 GR X 500 GR DRENADO","1150001","115","INSUMOS E IMPLEMENTOS DE CAFETERIA","ya estaba en la tabla"
"ACEITUNAS KALAMATA CON HUESO X4000 GR (2.2 ESCURRIDO)","1150103","115","INSUMOS E IMPLEMENTOS DE CAFETERIA","ya estaba en la tabla"
"ACEITUNAS KALAMATA X 3.300 GR X 2.000 GR DRENADO","1150096","115","INSUMOS E IMPLEMENTOS DE CAFETERIA","ya estaba en la tabla"
"ADICIONAL FRESA X 100 GR","FP1084","FP1","FORMULAS PREFERENCIAS Y ADICIONALES","ya estaba en la tabla"
"AGUA POTABLE","","","","FALTA - completar a mano"
"AGUA TONICA MIL976 X 250 ML","2210006","221","BEBIDAS REFRESCANTES","ya estaba en la tabla"
"AGUA TONICA X 300 ML","2210007","221","BEBIDAS REFRESCANTES","ya estaba en la tabla"
"AGUACATE","1220001","122","VERDURAS","ya estaba en la tabla"
"AGUARDIENTE ANTIOQUEÑO SIN AZUCAR X 750 ML (333)","2120001","212","LICORES","ya estaba en la tabla"
"AGUARDIENTE ANTIOQUEÑO TAPA VERDE X 750 ML (333)","2120002","212","LICORES","ya estaba en la tabla"
"AHUYAMA","1210001","121","FRUTAS","ya estaba en la tabla"
"AJI TOPITO","1220067","122","VERDURAS","ya estaba en la tabla"
"AJO","1220002","122","VERDURAS","ya estaba en la tabla"
"AJO EN POLVO","1170033","117","SALSA Y CONDIMENTOS","ya estaba en la tabla"
"AJONJOLI BLANCO","1150003","115","INSUMOS E IMPLEMENTOS DE CAFETERIA","ya estaba en la tabla"
"AJONJOLI NEGRO","1150004","115","INSUMOS E IMPLEMENTOS DE CAFETERIA","ya estaba en la tabla"
"ALAS DE POLLO GRANDE","1010012","101","AVES","ya estaba en la tabla"
"ALBAHACA","1220003","122","VERDURAS","ya estaba en la tabla"
"ALCACHOFA  X 2500 GR X 1200 GR DRENADO","1150090","115","INSUMOS E IMPLEMENTOS DE CAFETERIA","ya estaba en la tabla"
"ALCAPARRAS X 1000 GR X ? GR DRENAD","1150005","115","INSUMOS E IMPLEMENTOS DE CAFETERIA","ya estaba en la tabla"
"ALGAS NORI PQ X 50 HOJAS","1150006","115","INSUMOS E IMPLEMENTOS DE CAFETERIA","ya estaba en la tabla"
"ALITAS DE POLLO X 500 GR","1010016","101","AVES","ya estaba en la tabla"
"ALMEJA EN CONCHA","1040001","104","PESCADOS Y MARISCOS","ya estaba en la tabla"
"ALMEJAS X 150 GR","1040059","104","PESCADOS Y MARISCOS","ya estaba en la tabla"
"ALMENDRA","1150007","115","INSUMOS E IMPLEMENTOS DE CAFETERIA","ya estaba en la tabla"
"AMARETTO 750 ML","2120004","212","LICORES","ya estaba en la tabla"
"ANAGUI FILLET SMOKED ROSTED","1040027","104","PESCADOS Y MARISCOS","ya estaba en la tabla"
"ANCHOAS  X  790 GRAMOS","1150091","115","INSUMOS E IMPLEMENTOS DE CAFETERIA","ya estaba en la tabla"
"ANCHOAS ROLAND X 50 GR","1150092","115","INSUMOS E IMPLEMENTOS DE CAFETERIA","ya estaba en la tabla"
"ANILLOS DE CALAMAR","1040002","104","PESCADOS Y MARISCOS","ya estaba en la tabla"
"ANILLOS DE CALAMAR X 200 GR","1040041","104","PESCADOS Y MARISCOS","ya estaba en la tabla"
"ANIS","1170002","117","SALSA Y CONDIMENTOS","ya estaba en la tabla"
"APERITIVO APEROL X 750 ML (595)","2120005","212","LICORES","ya estaba en la tabla"
"APIO","1220004","122","VERDURAS","ya estaba en la tabla"
"ARANDANOS DESIDRATADOS","1150009","115","INSUMOS E IMPLEMENTOS DE CAFETERIA","ya estaba en la tabla"
"ARANDANOS NATURALES","1210037","121","FRUTAS","ya estaba en la tabla"
"ARMA TU MENU APERITIVO DEL MAR","","","","FALTA - completar a mano"
"ARMA TU MENU ARROZ CREMOSO DE CHAMPIÑONES","","","","FALTA - completar a mano"
"ARMA TU MENU ARROZ DE CEBOLLA","FE1002","FE1","","ya estaba en la tabla"
"ARMA TU MENU ARROZ DE CEBOLLA PUERRO","","","","FALTA - completar a mano"
"ARMA TU MENU ATADITO DE VERDURAS","","","","FALTA - completar a mano"
"ARMA TU MENU ENSALADA GOURMET","","","","FALTA - completar a mano"
"ARMA TU MENU ENSALADA TROPICAL DEL CHEF","","","","FALTA - completar a mano"
"ARMA TU MENU ESPARRAGOS CON SALSA FRANCESA","","","","FALTA - completar a mano"
"ARMA TU MENU MAIZ DULCE","","","","FALTA - completar a mano"
"ARMA TU MENU MOZARELLA CAPRESSE","","","","FALTA - completar a mano"
"ARMA TU MENU PIMENTONES AHUMADOS EN ACEITE DE OLIVA","","","","FALTA - completar a mano"
"ARMA TU MENU TIMBAL DE LOMO FINO","","","","FALTA - completar a mano"
"AROMATICA FRUTO ROJOS X 20 UND","1150011","115","INSUMOS E IMPLEMENTOS DE CAFETERIA","ya estaba en la tabla"
"AROMATICA FRUTOS VERDES CAJA X 20 UND","1150012","115","INSUMOS E IMPLEMENTOS DE CAFETERIA","ya estaba en la tabla"
"AROMATICA MANZANILLA CAJA X 20 UND","1150013","115","INSUMOS E IMPLEMENTOS DE CAFETERIA","ya estaba en la tabla"
"ARRACACHA","","","","FALTA - completar a mano"
"ARROZ","1150014","115","INSUMOS E IMPLEMENTOS DE CAFETERIA","ya estaba en la tabla"
"ARROZ ARBOREO","1150015","115","INSUMOS E IMPLEMENTOS DE CAFETERIA","ya estaba en la tabla"
"ARROZ CASTELLANO BASMATI","1150105","115","INSUMOS E IMPLEMENTOS DE CAFETERIA","ya estaba en la tabla"
"ARROZ DOÑA PEPA","1150017","115","INSUMOS E IMPLEMENTOS DE CAFETERIA","ya estaba en la tabla"
"ARROZ ESPECIAL PARA SUSHI","1150018","115","INSUMOS E IMPLEMENTOS DE CAFETERIA","ya estaba en la tabla"
"ARROZ SALVAJE","","","","FALTA - completar a mano"
"ARVEJA","1130054","113","PRECOCIDOS Y CONGELADOS","ya estaba en la tabla"
"ATUN EN LATA EN AGUA X 180 GR","1150019","115","INSUMOS E IMPLEMENTOS DE CAFETERIA","ya estaba en la tabla"
"ATUN SAKU","1040028","104","PESCADOS Y MARISCOS","ya estaba en la tabla"
"AVENA HOJUELAS SIN GLUTEN","1150130","115","INSUMOS E IMPLEMENTOS DE CAFETERIA","ya estaba en la tabla"
"AZUCAR BLANCA (AYB)","1150021","115","INSUMOS E IMPLEMENTOS DE CAFETERIA","ya estaba en la tabla"
"AZUCAR BLANCA (MTTO)","","","","FALTA - completar a mano"
"AZUCAR EN SOBRE PQ X 200 (AYB)","1150022","115","INSUMOS E IMPLEMENTOS DE CAFETERIA","ya estaba en la tabla"
"AZUCAR PULVERIZADA","1140001","114","PRODUCTOS DE PANADERIA","ya estaba en la tabla"
"AZUCAR SPLENDA X 700 SOBRES (AYB)","1150023","115","INSUMOS E IMPLEMENTOS DE CAFETERIA","ya estaba en la tabla"
"BANANO","1210032","121","FRUTAS","ya estaba en la tabla"
"BARQUILLO X 300 GRM","1180062","118","SNACK","ya estaba en la tabla"
"BERENJENA","1220005","122","VERDURAS","ya estaba en la tabla"
"BIFE DE CHORIZO X 300 GR","","","","FALTA - completar a mano"
"BIPRO CLASSIC X 910GR","1310001","131","PROTEINAS","ya estaba en la tabla"
"BIPRO LITE VAINILLA X 1080 GR","1310007","131","PROTEINAS","ya estaba en la tabla"
"BOCADILLO EN BARRA","1180029","118","SNACK","ya estaba en la tabla"
"BOLLO DE HARINA Y QUESO X 150 GR","FP1027","FP1","FORMULAS PREFERENCIAS Y ADICIONALES","ya estaba en la tabla"
"BOLSA BIO CON LOGO CLUB UNA TINTA","5210176","521","EMPAQUES Y DESECHABLES","ya estaba en la tabla"
"BOLSA DE HIELO ARTIFICE X 15 KL","2220004","222","BEBIDAS REFRESCANTES","ya estaba en la tabla"
"BONDIOLA DE CERDO","1030001","103","CERDOS","ya estaba en la tabla"
"BONDIOLA X 300GR","1030018","103","CERDOS","ya estaba en la tabla"
"BRANDY DOMECQ 750 ML (359)","2120007","212","LICORES","ya estaba en la tabla"
"BRESAOLA","1110014","111","EMBUTIDOS","ya estaba en la tabla"
"BROCOLI","1220006","122","VERDURAS","ya estaba en la tabla"
"BROWNIE","1190001","119","PANES Y POSTRES","ya estaba en la tabla"
"BURNER STACK UVA 360 GR","1310002","131","PROTEINAS","ya estaba en la tabla"
"BURRATA","1120001","112","LACTEOS Y DERIVADOS","ya estaba en la tabla"
"BUTIFARRA ARTESANAL","1110030","111","EMBUTIDOS","deducido de inventario y compras"
"BUTIFARRA CUNIT","1110010","111","EMBUTIDOS","deducido de inventario y compras"
"C4 60 SERVICIO FRUIT PUNCH X 360 GRM","1310016","131","PROTEINAS","ya estaba en la tabla"
"CAFE JUAN VALDEZ AVELLANA (90GR)","1150141","115","INSUMOS E IMPLEMENTOS DE CAFETERIA","ya estaba en la tabla"
"CAFE SELLO ROJO","1150025","115","INSUMOS E IMPLEMENTOS DE CAFETERIA","ya estaba en la tabla"
"CAMARON 51-60 GLASEADO AL 10%","1040062","104","PESCADOS Y MARISCOS","ya estaba en la tabla"
"CAMARON 51-60 GLASEADO AL 30%","1040003","104","PESCADOS Y MARISCOS","ya estaba en la tabla"
"CAMARON 51-60 X 200 GR","1040004","104","PESCADOS Y MARISCOS","ya estaba en la tabla"
"CAMARON X 100 GR","1040060","104","PESCADOS Y MARISCOS","ya estaba en la tabla"
"CAMPARI  X 750 ML (540)","2120083","212","LICORES","ya estaba en la tabla"
"CAPSULA NESPRESS0","1150026","115","INSUMOS E IMPLEMENTOS DE CAFETERIA","ya estaba en la tabla"
"CARCASA DE LANGOSTA","1040040","104","PESCADOS Y MARISCOS","ya estaba en la tabla"
"CARNE DE HAMBURGUESA ANGUS X 100 GR","1020068","102","CARNES ROJAS","ya estaba en la tabla"
"CARNE DE HAMBURGUESA ANGUS X 160 GR","1020003","102","CARNES ROJAS","ya estaba en la tabla"
"CARNE EN POSTA X 100 GR","1020079","102","CARNES ROJAS","ya estaba en la tabla"
"CARNE MOLIDA ANGUS X 200 GR","1020045","102","CARNES ROJAS","ya estaba en la tabla"
"CARNE MOLIDA DE CERDO","1030012","103","CERDOS","ya estaba en la tabla"
"CARNE MOLIDA ESPECIAL","1020004","102","CARNES ROJAS","ya estaba en la tabla"
"CAZUELA DE MARISCOS X 175 GR","1040005","104","PESCADOS Y MARISCOS","ya estaba en la tabla"
"CAZUELA DE MARISCOS X 370 GR","1040006","104","PESCADOS Y MARISCOS","ya estaba en la tabla"
"CEBOLLA BLANCA","1220007","122","VERDURAS","ya estaba en la tabla"
"CEBOLLA JUNCA","1220008","122","VERDURAS","ya estaba en la tabla"
"CEBOLLA PUERRO","1220009","122","VERDURAS","ya estaba en la tabla"
"CEBOLLA ROJA","1220010","122","VERDURAS","ya estaba en la tabla"
"CEBOLLIN CHINO","1220011","122","VERDURAS","ya estaba en la tabla"
"CEREAL ARITOS AFRUTADOS X 750 GR","1180026","118","SNACK","ya estaba en la tabla"
"CEREAL GRANOLA TOSH DE FRESA","1180038","118","SNACK","ya estaba en la tabla"
"CEREALES HOJUELAS AZUCARADAS","1180005","118","SNACK","ya estaba en la tabla"
"CEREZAS X 4000 GR X ? GR DRENAD","","","","FALTA - completar a mano"
"CERVEZA ANDINA X 330 ML","","","","FALTA - completar a mano"
"CERVEZA CLUB COLOMBIA DORADA X 330 ML","2110004","211","CERVEZAS","ya estaba en la tabla"
"CERVEZA CORONA X 330 ML","2110006","211","CERVEZAS","ya estaba en la tabla"
"CERVEZA CORONITA 210 ML","2110007","211","CERVEZAS","ya estaba en la tabla"
"CERVEZA CUSQUEÑA X 330 ML","2110023","211","CERVEZAS","ya estaba en la tabla"
"CERVEZA HEINEKEN X 330 ML","2110011","211","CERVEZAS","ya estaba en la tabla"
"CHAMPIÑONES ENTEROS","1220012","122","VERDURAS","ya estaba en la tabla"
"CHAMPIÑONES PORTOBELO","1220045","122","VERDURAS","deducido de inventario y compras"
"CHICHARRON","1030003","103","CERDOS","ya estaba en la tabla"
"CHICHARRON X 500 GR","1030004","103","CERDOS","ya estaba en la tabla"
"CHOCOLATE CORONA INSTANTANEO","1150126","115","INSUMOS E IMPLEMENTOS DE CAFETERIA","ya estaba en la tabla"
"CHORIZO AHUMADO CERDO","1110032","111","EMBUTIDOS","deducido de inventario y compras"
"CHORIZO DE TERNERA","1110025","111","EMBUTIDOS","ya estaba en la tabla"
"CHORIZO DE TERNERA X 470 GR X 8 UND","","","","FALTA - completar a mano"
"CHORIZO ESPAÑOL","1110002","111","EMBUTIDOS","ya estaba en la tabla"
"CHORIZO SICILIANO X 100 GR","1110003","111","EMBUTIDOS","ya estaba en la tabla"
"CILANTRO","1220013","122","VERDURAS","ya estaba en la tabla"
"CINZANO EXTRA DRY X 750ML","2120084","212","LICORES","ya estaba en la tabla"
"CIRUELA PASA SIN SEMILLA","1150029","115","INSUMOS E IMPLEMENTOS DE CAFETERIA","ya estaba en la tabla"
"CLAVITO DE OLOR","1170004","117","SALSA Y CONDIMENTOS","ya estaba en la tabla"
"COCO DESHIDRATADO","1150030","115","INSUMOS E IMPLEMENTOS DE CAFETERIA","ya estaba en la tabla"
"COCO SECO","1210002","121","FRUTAS","ya estaba en la tabla"
"COGOLLOS DE LECHUGA","1220072","122","VERDURAS","ya estaba en la tabla"
"COLA DE LANGOSTA BABY","1040008","104","PESCADOS Y MARISCOS","ya estaba en la tabla"
"COLIFLOR","1220015","122","VERDURAS","ya estaba en la tabla"
"COLL","","","","FALTA - completar a mano"
"COLOR EL REY","1170005","117","SALSA Y CONDIMENTOS","ya estaba en la tabla"
"CONO CANASTA DE HELADOS","1180063","118","SNACK","ya estaba en la tabla"
"COROZO","1210003","121","FRUTAS","ya estaba en la tabla"
"COSTILLA DE CERDO","1030015","103","CERDOS","ya estaba en la tabla"
"COSTILLA DE CERDO BABY BACK RIBS X 500 GR","","","","FALTA - completar a mano"
"COSTILLA DE CERDO SAN LUIS","1030014","103","CERDOS","ya estaba en la tabla"
"COSTILLA DE RES ESPECIAL","1020007","102","CARNES ROJAS","ya estaba en la tabla"
"COTTO DI COPPA","1110015","111","EMBUTIDOS","ya estaba en la tabla"
"CREA STACK FRUTOS ROJOS X 600 GR","1310003","131","PROTEINAS","ya estaba en la tabla"
"CREATINA MICRONIZED OPTIMUM NUTRITION X 300 GR","1310015","131","PROTEINAS","ya estaba en la tabla"
"CREMA CHANTILLY","1150136","115","INSUMOS E IMPLEMENTOS DE CAFETERIA","ya estaba en la tabla"
"CREMA DE COCO X 425 GR","1150031","115","INSUMOS E IMPLEMENTOS DE CAFETERIA","ya estaba en la tabla"
"CREMA DE LECHE LT","1120002","112","LACTEOS Y DERIVADOS","ya estaba en la tabla"
"CREMA DE MANI","1150122","115","INSUMOS E IMPLEMENTOS DE CAFETERIA","ya estaba en la tabla"
"CRUTONES X 360 GR X 24 PQ","1150032","115","INSUMOS E IMPLEMENTOS DE CAFETERIA","ya estaba en la tabla"
"DATILES DESHIDRATADOS","1150094","115","INSUMOS E IMPLEMENTOS DE CAFETERIA","ya estaba en la tabla"
"DEDITO COCTEL","1130029","113","PRECOCIDOS Y CONGELADOS","ya estaba en la tabla"
"DEDITO INTEGRAL ORIGINAL","1130007","113","PRECOCIDOS Y CONGELADOS","ya estaba en la tabla"
"DEDITOS DE QUESO","1130008","113","PRECOCIDOS Y CONGELADOS","ya estaba en la tabla"
"DENVER STEAK X 300 GR","1020008","102","CARNES ROJAS","ya estaba en la tabla"
"DISARONNO X 750 ML (732)","2120085","212","LICORES","ya estaba en la tabla"
"DURAZNOS EN MITADES X 820 GR","1150082","115","INSUMOS E IMPLEMENTOS DE CAFETERIA","ya estaba en la tabla"
"EMPANADITA DE CARNE","1130010","113","PRECOCIDOS Y CONGELADOS","ya estaba en la tabla"
"ESENCIA DE MANTEQUILLA","1140004","114","PRODUCTOS DE PANADERIA","ya estaba en la tabla"
"ESPALDILLA","","","","FALTA - completar a mano"
"ESPARRAGO VERDE","1220016","122","VERDURAS","ya estaba en la tabla"
"ESPARRAGOS ENTEROS BLANCOS X 330 GR DRENAD 205 GR","","","","FALTA - completar a mano"
"ESPINACA","1220017","122","VERDURAS","ya estaba en la tabla"
"FECULA SAGUZENA","1150033","115","INSUMOS E IMPLEMENTOS DE CAFETERIA","ya estaba en la tabla"
"FIDEO","1150083","115","INSUMOS E IMPLEMENTOS DE CAFETERIA","ya estaba en la tabla"
"FILETE DE PECHUGA DE POLLO","1010001","101","AVES","ya estaba en la tabla"
"FILETE DE SIERRA X 250 GR","","","","FALTA - completar a mano"
"FLORES COMESTIBLES X 20 UND","1150131","115","INSUMOS E IMPLEMENTOS DE CAFETERIA","ya estaba en la tabla"
"FRESA JUMBO","1210004","121","FRUTAS","ya estaba en la tabla"
"GALLETA DE SODA SALTIN","1180008","118","SNACK","ya estaba en la tabla"
"GALLETA OREO","1180011","118","SNACK","ya estaba en la tabla"
"GALLETA OREO TRITURADA","1180012","118","SNACK","ya estaba en la tabla"
"GAMBA","","","","FALTA - completar a mano"
"GARBANZOS X 440 GR X 231 GR DRENADO","1150123","115","INSUMOS E IMPLEMENTOS DE CAFETERIA","ya estaba en la tabla"
"GARI (JENGIBRE)","1220018","122","VERDURAS","ya estaba en la tabla"
"GASEOSA COCA COLA X 2.5 LT","2210038","221","BEBIDAS REFRESCANTES","ya estaba en la tabla"
"GASEOSA PET COCA COLA X 400 ML","2210043","221","BEBIDAS REFRESCANTES","ya estaba en la tabla"
"GASEOSA PET X 400 ML","","","","FALTA - completar a mano"
"GELATINA SIN SABOR","1190052","119","PANES Y POSTRES","ya estaba en la tabla"
"GINEBRA BEEFEATER LONDON X 1000 ML (671)","2120091","212","LICORES","ya estaba en la tabla"
"GINEBRA BEEFEATER LONDON X 700 ML (460)","2120009","212","LICORES","ya estaba en la tabla"
"GINEBRA GORDONS X 700 ML (390)","2120012","212","LICORES","ya estaba en la tabla"
"GINEBRA HENDRICKS ORIGINAL X 750 ML","2120104","212","LICORES","ya estaba en la tabla"
"GINEBRA MONKEY X 500 ML (398)","2120013","212","LICORES","ya estaba en la tabla"
"GINEBRA TANQUERAY GIN 700 X  ML (540)","2120014","212","LICORES","ya estaba en la tabla"
"GOTAS AMARGAS X 160 ML","1150040","115","INSUMOS E IMPLEMENTOS DE CAFETERIA","ya estaba en la tabla"
"GRANADA","1220052","122","VERDURAS","deducido de inventario y compras"
"GRAPPA X 700 ML (596)","2120015","212","LICORES","ya estaba en la tabla"
"GUANCIALE SECO","1110022","111","EMBUTIDOS","ya estaba en la tabla"
"GUANDUL SECO","","","","FALTA - completar a mano"
"GUASCA","","","","FALTA - completar a mano"
"GUINEO VERDE","1220019","122","VERDURAS","ya estaba en la tabla"
"HARINA DE TRIGO","1140003","114","PRODUCTOS DE PANADERIA","ya estaba en la tabla"
"HARINA DE TRIGO 3 CASTILLOS","1140005","114","PRODUCTOS DE PANADERIA","ya estaba en la tabla"
"HARINA DE TRIGO ELITE","1140014","114","PRODUCTOS DE PANADERIA","ya estaba en la tabla"
"HARINA DE YUCA","1140010","114","PRODUCTOS DE PANADERIA","ya estaba en la tabla"
"HARINA PAN","1150041","115","INSUMOS E IMPLEMENTOS DE CAFETERIA","ya estaba en la tabla"
"HELADO  DE PISTACHO","1120046","112","LACTEOS Y DERIVADOS","ya estaba en la tabla"
"HELADO POPSY","1120054","112","LACTEOS Y DERIVADOS","ya estaba en la tabla"
"HELADO TRADICIONAL","1120003","112","LACTEOS Y DERIVADOS","ya estaba en la tabla"
"HIERBABUENA","1220020","122","VERDURAS","ya estaba en la tabla"
"HOJA DE RUGULA BABY","1220079","122","VERDURAS","ya estaba en la tabla"
"HOJAS ALGAS NORI - CONTROL DE INVENTARIO","1150149","115","INSUMOS E IMPLEMENTOS DE CAFETERIA","ya estaba en la tabla"
"HUEVAS DE PESCADO X 500 GR","","","","FALTA - completar a mano"
"HUEVOS","1150042","115","INSUMOS E IMPLEMENTOS DE CAFETERIA","ya estaba en la tabla"
"INTENZE 30 SERVICIO FRUIT PUNCH X 900 GRM","","","","FALTA - completar a mano"
"JALAPEÑO X 1000 GR","1150095","115","INSUMOS E IMPLEMENTOS DE CAFETERIA","ya estaba en la tabla"
"JAMON CUNIT","1110004","111","EMBUTIDOS","ya estaba en la tabla"
"JAMON DE PAVO","1110017","111","EMBUTIDOS","ya estaba en la tabla"
"JAMON SERRANO","1110008","111","EMBUTIDOS","ya estaba en la tabla"
"JAMON YORK","1110024","111","EMBUTIDOS","ya estaba en la tabla"
"JENGIBRE","1210005","121","FRUTAS","ya estaba en la tabla"
"JUGO DE TOMATE MOTSS LATA X 340 ML","1150043","115","INSUMOS E IMPLEMENTOS DE CAFETERIA","ya estaba en la tabla"
"LANGOSTA ENTERA","","","","FALTA - completar a mano"
"LANGOSTINO CON CONCHA U15","1040063","104","PESCADOS Y MARISCOS","ya estaba en la tabla"
"LANGOSTINO U 15 - CONTROL COCINA","1040072","104","PESCADOS Y MARISCOS","ya estaba en la tabla"
"LANGOSTINO U15","1040009","104","PESCADOS Y MARISCOS","ya estaba en la tabla"
"LANGOSTINO U15 X 140 GR","1040029","104","PESCADOS Y MARISCOS","ya estaba en la tabla"
"LANGOSTINO U15 X 240 GR","1040010","104","PESCADOS Y MARISCOS","ya estaba en la tabla"
"LASAGNA","1150085","115","INSUMOS E IMPLEMENTOS DE CAFETERIA","ya estaba en la tabla"
"LAUREL FRESCO","1220050","122","VERDURAS","ya estaba en la tabla"
"LEBRANCHE X 1000 GR","","","","FALTA - completar a mano"
"LECHE DE ALMENDRAS (900 ML)","1120004","112","LACTEOS Y DERIVADOS","ya estaba en la tabla"
"LECHE DE COCO X 400 ML","1150044","115","INSUMOS E IMPLEMENTOS DE CAFETERIA","ya estaba en la tabla"
"LECHE LIQUIDA DESLACTOSADA","1120005","112","LACTEOS Y DERIVADOS","ya estaba en la tabla"
"LECHUGA BATAVIA","1220021","122","VERDURAS","ya estaba en la tabla"
"LECHUGA CRESPA VERDE","1220022","122","VERDURAS","ya estaba en la tabla"
"LEVADURA INSTANTANEA","1140007","114","PRODUCTOS DE PANADERIA","ya estaba en la tabla"
"LICOR 43  X 750 ML (562)","2120081","212","LICORES","ya estaba en la tabla"
"LIMON THAITI","1220023","122","VERDURAS","ya estaba en la tabla"
"LIMONCELLO X 700 ML","2120016","212","LICORES","ya estaba en la tabla"
"LOMO ANCHO X 125 GR","1020013","102","CARNES ROJAS","ya estaba en la tabla"
"LOMO ANCHO X 300 GR","","","","FALTA - completar a mano"
"LOMO DE CERDO LIMPIO","1030006","103","CERDOS","ya estaba en la tabla"
"LOMO FINO","1020014","102","CARNES ROJAS","ya estaba en la tabla"
"LOMO FINO LIMPIO","1020015","102","CARNES ROJAS","ya estaba en la tabla"
"LOMO FINO X 250 GR","1020016","102","CARNES ROJAS","ya estaba en la tabla"
"MAGGI","1170008","117","SALSA Y CONDIMENTOS","ya estaba en la tabla"
"MAIZ BLANCO","1150046","115","INSUMOS E IMPLEMENTOS DE CAFETERIA","ya estaba en la tabla"
"MAIZ TIERNO","1130011","113","PRECOCIDOS Y CONGELADOS","ya estaba en la tabla"
"MAIZ TIERNO X 432 GR X 262 GR DRENADO","1150047","115","INSUMOS E IMPLEMENTOS DE CAFETERIA","ya estaba en la tabla"
"MAIZENA","","","","FALTA - completar a mano"
"MANGO TOMY GRANDE","1210008","121","FRUTAS","ya estaba en la tabla"
"MANI","1150049","115","INSUMOS E IMPLEMENTOS DE CAFETERIA","ya estaba en la tabla"
"MANTEQUILLA","1160006","116","GRASAS Y ACEITES","ya estaba en la tabla"
"MANTEQUILLA UNIPERSONAL X 10 GR","1160007","116","GRASAS Y ACEITES","ya estaba en la tabla"
"MANZANA ROJA","1210009","121","FRUTAS","ya estaba en la tabla"
"MANZANA VERDE","1210010","121","FRUTAS","ya estaba en la tabla"
"MARACUYA","1210011","121","FRUTAS","ya estaba en la tabla"
"MARTINI BIANCO ITALIA  X 750 ML (525)","2120086","212","LICORES","ya estaba en la tabla"
"MARTINI ROSSO  ITALIA  X 750 ML (525)","2120087","212","LICORES","ya estaba en la tabla"
"MASA DE MAIZ","1130012","113","PRECOCIDOS Y CONGELADOS","ya estaba en la tabla"
"MASAGO","1040030","104","PESCADOS Y MARISCOS","ya estaba en la tabla"
"MAYONESA COCINEROS X 3910 GR - (160GR)","1170009","117","SALSA Y CONDIMENTOS","ya estaba en la tabla"
"MAZO DE HOJA DE BIJAO","1220047","122","VERDURAS","ya estaba en la tabla"
"MAZORCA","1220024","122","VERDURAS","ya estaba en la tabla"
"MAZORCA AMERICANA","","","","FALTA - completar a mano"
"MAZORCA BOGOTANA","","","","FALTA - completar a mano"
"MEDIO POLLO X 1000 GR","","","","FALTA - completar a mano"
"MEGA LITE VAINILLA X 533 GR","","","","FALTA - completar a mano"
"MELON","1210012","121","FRUTAS","ya estaba en la tabla"
"MERMELADA UNIPERSONAL X 10 GR","1150050","115","INSUMOS E IMPLEMENTOS DE CAFETERIA","ya estaba en la tabla"
"MEZCLA DE HIERBAS ITALIANAS X 141 GR - (85GR)","1170010","117","SALSA Y CONDIMENTOS","ya estaba en la tabla"
"MEZCLADOR PQ X 1000 UND","","","","FALTA - completar a mano"
"MEZCLADORES CAFE MADERA 14 CM PAQ 1000 UND (EMPAQUE INDIVIDUAL)","5220012","522","INSUMOS E IMPLEMENTOS DE CAFETERIA","ya estaba en la tabla"
"MEZCLUM  LECHUGAS BABY","1220054","122","VERDURAS","ya estaba en la tabla"
"MIEL DE ABEJAS","1150052","115","INSUMOS E IMPLEMENTOS DE CAFETERIA","ya estaba en la tabla"
"MIEL DE ABEJAS SYRUP MAPLE X 470 GR","1150053","115","INSUMOS E IMPLEMENTOS DE CAFETERIA","ya estaba en la tabla"
"MIEL DE TRUFA","1150134","115","INSUMOS E IMPLEMENTOS DE CAFETERIA","ya estaba en la tabla"
"MILO","1150055","115","INSUMOS E IMPLEMENTOS DE CAFETERIA","ya estaba en la tabla"
"MINI AREPA CHOCLO CON QUESO","1130013","113","PRECOCIDOS Y CONGELADOS","ya estaba en la tabla"
"MINI PAN DE HAMBURGUESA BRIOCE","1190004","119","PANES Y POSTRES","ya estaba en la tabla"
"MINI PAN SURTIDO","1190042","119","PANES Y POSTRES","ya estaba en la tabla"
"MIXTURA DE MARISCO","","","","FALTA - completar a mano"
"MOJARRA ROJA X 500 GR","1040053","104","PESCADOS Y MARISCOS","ya estaba en la tabla"
"MORCILLA DE BURGOS","","","","FALTA - completar a mano"
"MORTADELA DI BOLOGNA (PISTACHO)","1110018","111","EMBUTIDOS","ya estaba en la tabla"
"MOSTAZA COCINEROS X 4.015 - (180GR)","1150057","115","INSUMOS E IMPLEMENTOS DE CAFETERIA","ya estaba en la tabla"
"MOSTAZA DIJON EXTRAFUERTE","1170011","117","SALSA Y CONDIMENTOS","ya estaba en la tabla"
"MUELAS DE CANGREJO X 10 UND","","","","FALTA - completar a mano"
"MUSLO GRANLE SIN RABADILLA","1010003","101","AVES","ya estaba en la tabla"
"NACHOS DE MAIZ","1130015","113","PRECOCIDOS Y CONGELADOS","ya estaba en la tabla"
"NARANJA COMUN","1210014","121","FRUTAS","ya estaba en la tabla"
"NARANJA IMPORTADA","1210015","121","FRUTAS","ya estaba en la tabla"
"NEW YORK AMERICANO X 300 GR","1020069","102","CARNES ROJAS","ya estaba en la tabla"
"NEW YORK CERTIFIED ANGUS BEEF X 350 GR","1020018","102","CARNES ROJAS","ya estaba en la tabla"
"NO USAR VINO BLANCO CHILOE CHARDONAY X 750 ML","","","","FALTA - completar a mano"
"NO USAR VINO ROSADO DUQUE DE MEDINA X 750 ML","","","","FALTA - completar a mano"
"NO USAR VINO TINTO CHILOE MERLOT X 750 ML (AGOTAR)","","","","FALTA - completar a mano"
"NO USAR VINO TINTO OLAS DEL SUR MALBEC X 750 ML","","","","FALTA - completar a mano"
"NUEZ PECANA","1150093","115","VIVERES Y ABARROTES - ENLATADOS","deducido de inventario y compras"
"NUTELLA","1150162","115","INSUMOS E IMPLEMENTOS DE CAFETERIA","ya estaba en la tabla"
"ÑAME ESPINA","1220025","122","VERDURAS","ya estaba en la tabla"
"OREGANO","","","","FALTA - completar a mano"
"OREGANO EN ESCAMA","1170041","117","SALSA Y CONDIMENTOS","ya estaba en la tabla"
"PALITROQUES BAGUETTE","1190007","119","PANES Y POSTRES","ya estaba en la tabla"
"PAN ARABE","1190053","119","PANES Y POSTRES","ya estaba en la tabla"
"PAN ARANDONOS X 600 GR","1190008","119","PANES Y POSTRES","deducido de inventario y compras"
"PAN BAGUETTE","1190009","119","PANES Y POSTRES","ya estaba en la tabla"
"PAN DE MASA MADRE X 900 GR","1190021","119","PANES Y POSTRES","ya estaba en la tabla"
"PAN FRANCES X 120 GR","1190022","119","PANES Y POSTRES","ya estaba en la tabla"
"PAN FRANCES X 50 GR","","","","FALTA - completar a mano"
"PAN HAMBURGUESA BRIOCE","1190011","119","PANES Y POSTRES","ya estaba en la tabla"
"PAN HAMBURGUESA DE PAPA","1190060","119","PANES Y POSTRES","deducido de inventario y compras"
"PAN MIGAS","1150058","115","INSUMOS E IMPLEMENTOS DE CAFETERIA","ya estaba en la tabla"
"PAN PERRO","1190013","119","PANES Y POSTRES","ya estaba en la tabla"
"PAN PULLMAN TAJADO X 21 TORREJAS","1190014","119","PANES Y POSTRES","ya estaba en la tabla"
"PAN SERVILLETA X 5 UND","1190015","119","PANES Y POSTRES","ya estaba en la tabla"
"PANELA X 500 GR","1150059","115","INSUMOS E IMPLEMENTOS DE CAFETERIA","ya estaba en la tabla"
"PANKO","1150060","115","INSUMOS E IMPLEMENTOS DE CAFETERIA","ya estaba en la tabla"
"PAPA CRIOLLA","1220026","122","VERDURAS","ya estaba en la tabla"
"PAPA FRANCESA","1130017","113","PRECOCIDOS Y CONGELADOS","ya estaba en la tabla"
"PAPA LAVADA R12","1220027","122","VERDURAS","ya estaba en la tabla"
"PAPAYA MARADOL","1210017","121","FRUTAS","ya estaba en la tabla"
"PAPEL ALUMINIO X 300 MTS","5210030","521","EMPAQUES Y DESECHABLES","ya estaba en la tabla"
"PAPEL PARAFINADO 30 X 30 CM LOGO UNA TINTA","5210031","521","EMPAQUES Y DESECHABLES","ya estaba en la tabla"
"PAPITA CHONGO","1150061","115","INSUMOS E IMPLEMENTOS DE CAFETERIA","ya estaba en la tabla"
"PAPRIKA (120GR)","1170012","117","SALSA Y CONDIMENTOS","ya estaba en la tabla"
"PARGO ROJO X 540 GR","","","","FALTA - completar a mano"
"PARGO ROJO X 750 GR","","","","FALTA - completar a mano"
"PASTA CEPILLIN","1150101","115","INSUMOS E IMPLEMENTOS DE CAFETERIA","ya estaba en la tabla"
"PASTA DE TARTUFATA CONCENTRADA","1150133","115","INSUMOS E IMPLEMENTOS DE CAFETERIA","ya estaba en la tabla"
"PASTA DE TOMATE","1150062","115","INSUMOS E IMPLEMENTOS DE CAFETERIA","ya estaba en la tabla"
"PASTA SPAGUETTI","1150064","115","INSUMOS E IMPLEMENTOS DE CAFETERIA","ya estaba en la tabla"
"PASTAS FETUCCINI","1150065","115","INSUMOS E IMPLEMENTOS DE CAFETERIA","ya estaba en la tabla"
"PASTAS FUSILLI","1150087","115","INSUMOS E IMPLEMENTOS DE CAFETERIA","ya estaba en la tabla"
"PASTAS PAPERDELLES","1150098","115","INSUMOS E IMPLEMENTOS DE CAFETERIA","ya estaba en la tabla"
"PASTAS PENNE","1150066","115","INSUMOS E IMPLEMENTOS DE CAFETERIA","ya estaba en la tabla"
"PASTAS RIZONI","1150067","115","VIVERES Y ABARROTES - ENLATADOS","deducido de inventario y compras"
"PATILLA BABY","1210038","121","FRUTAS","ya estaba en la tabla"
"PECHO","1020061","102","CARNES ROJAS","ya estaba en la tabla"
"PECHUGA DE POLLO X 150 GR","1010004","101","AVES","ya estaba en la tabla"
"PECHUGA DE POLLO X 250 GR","1010005","101","AVES","ya estaba en la tabla"
"PEPERONI SIERRA NEVADA","1110027","111","EMBUTIDOS","ya estaba en la tabla"
"PEPINILLOS X 1000 GR X 600 GR DRENADO","1150068","115","VIVERES Y ABARROTES - ENLATADOS","deducido de inventario y compras"
"PEPINO","1220028","122","VERDURAS","ya estaba en la tabla"
"PERA","1210019","121","FRUTAS","ya estaba en la tabla"
"PEREJIL","1220029","122","VERDURAS","ya estaba en la tabla"
"PICADA DE LOMO FINO X 200 GR","1020020","102","CARNES ROJAS","ya estaba en la tabla"
"PICADA DE LOMO FINO X 300 GR","1020021","102","CARNES ROJAS","ya estaba en la tabla"
"PICADA DE PICAÑA X 150 GR","1020074","102","CARNES ROJAS","ya estaba en la tabla"
"PICADA DE POLLO X 100 GR","1010015","101","AVES","ya estaba en la tabla"
"PICADA DE POLLO X 200 GR","1010006","101","AVES","ya estaba en la tabla"
"PICADA DE POLLO X 300 GR","1010007","101","AVES","ya estaba en la tabla"
"PICADA DE ROBALO X 100 GR","1040013","104","PESCADOS Y MARISCOS","ya estaba en la tabla"
"PICAÑA CERTIFIED X 350 GR","1020023","102","CARNES ROJAS","ya estaba en la tabla"
"PICAÑA CHOP HOUSE","","","","FALTA - completar a mano"
"PICAÑA ROLL X 350 GR","","","","FALTA - completar a mano"
"PIMENTON AMARILLO","1220030","122","VERDURAS","ya estaba en la tabla"
"PIMENTON ROJO","1220031","122","VERDURAS","ya estaba en la tabla"
"PIMENTON VERDE","1220032","122","VERDURAS","ya estaba en la tabla"
"PIMIENTA PEPA PICANTE","1170014","117","SALSA Y CONDIMENTOS","ya estaba en la tabla"
"PIMIENTA ROJA TRITURADA X 340.2 GR","1170037","117","SALSA Y CONDIMENTOS","ya estaba en la tabla"
"PINCHO PALA DE 12 CM PQ X 100","5210080","521","EMPAQUES Y DESECHABLES","ya estaba en la tabla"
"PIÑA GOLDEN","1210020","121","FRUTAS","ya estaba en la tabla"
"PISTACHO","1150079","115","INSUMOS E IMPLEMENTOS DE CAFETERIA","ya estaba en la tabla"
"PLATANO MADURO","1220033","122","VERDURAS","ya estaba en la tabla"
"PLATANO VERDE","1220034","122","VERDURAS","ya estaba en la tabla"
"POLVO PARA HORNEAR","1140002","114","PRODUCTOS DE PANADERIA","ya estaba en la tabla"
"PORCION DE AHOGADO","FP1016","FP1","FORMULAS PREFERENCIAS Y ADICIONALES","ya estaba en la tabla"
"PORCION DE ARROZ DE COCO X 200 GR","FP1031","FP1","FORMULAS PREFERENCIAS Y ADICIONALES","ya estaba en la tabla"
"PORCION DE ENSALADA DE AGUACATE","FP1030","FP1","FORMULAS PREFERENCIAS Y ADICIONALES","ya estaba en la tabla"
"PORCION DE ENSALADA DE AGUACATE PARA MOJARRA","","","","FALTA - completar a mano"
"PORCION DE PAPA CASCO","FP1028","FP1","FORMULAS PREFERENCIAS Y ADICIONALES","ya estaba en la tabla"
"PORCION DE PAPAS FRANCESA","FP1017","FP1","FORMULAS PREFERENCIAS Y ADICIONALES","ya estaba en la tabla"
"PORCION DE PASTA FETUCCINI X 200 GR TRATTORIA","FP1055","FP1","FORMULAS PREFERENCIAS Y ADICIONALES","ya estaba en la tabla"
"PORCION DE PASTA SPAGUETTI X 200 GR TRATTORIA","FP1054","FP1","FORMULAS PREFERENCIAS Y ADICIONALES","ya estaba en la tabla"
"PORCION DE PATACONES","FP1018","FP1","FORMULAS PREFERENCIAS Y ADICIONALES","ya estaba en la tabla"
"PORCION DE SALSA DE CHAMPIÑONES","","","","FALTA - completar a mano"
"PORCION DE SALSA MENIER X 85 GR (MINUTA)","FP1096","FP1","FORMULAS PREFERENCIAS Y ADICIONALES","ya estaba en la tabla"
"PORCION DE VERDURAS CALIENTES","FP1020","FP1","FORMULAS PREFERENCIAS Y ADICIONALES","ya estaba en la tabla"
"PORCION ENSALADA CAUJARAL","FP1021","FP1","FORMULAS PREFERENCIAS Y ADICIONALES","ya estaba en la tabla"
"PORCION PURE DE PAPAS","FP1024","FP1","FORMULAS PREFERENCIAS Y ADICIONALES","ya estaba en la tabla"
"PORCION TARTA DE QUESO","1190066","119","PANES Y POSTRES","ya estaba en la tabla"
"PORCION TORTA TIRAMISU","1190040","119","PANES Y POSTRES","ya estaba en la tabla"
"PORTACOMIDA SIN DIVISIONES 8"" ECOLOGICOS","5210039","521","EMPAQUES Y DESECHABLES","ya estaba en la tabla"
"PROSCIUTTO NACIONAL","1110016","111","EMBUTIDOS","ya estaba en la tabla"
"PULPA DE FRUTA CEREZA  X 140 GR","1210051","121","FRUTAS","ya estaba en la tabla"
"PULPA DE FRUTA COCO  X 180 GR","1210048","121","FRUTAS","ya estaba en la tabla"
"PULPA DE FRUTA FRESA X 160 GR","1210021","121","FRUTAS","ya estaba en la tabla"
"PULPA DE FRUTA LULO  X 125  GR","1210022","121","FRUTAS","ya estaba en la tabla"
"PULPA DE FRUTA MARACUYA X 120 GR","1210023","121","FRUTAS","ya estaba en la tabla"
"PULPA DE LANGOSTA X 100 GR","1040050","104","PESCADOS Y MARISCOS","ya estaba en la tabla"
"PULPA DE MANDARINA X 150 GR","1210024","121","FRUTAS","ya estaba en la tabla"
"PULPA DE MARACUYA","1210047","121","FRUTAS","ya estaba en la tabla"
"PULPO MEXICANO X 150 GR","1040032","104","PESCADOS Y MARISCOS","ya estaba en la tabla"
"PUNTA DE ANCA X 150 GR","1020072","102","CARNES ROJAS","ya estaba en la tabla"
"PUNTA DE ANCA X 300 GR","1020071","102","CARNES ROJAS","ya estaba en la tabla"
"PUNTA GORDA AMERICANA","","","","FALTA - completar a mano"
"PUNTA GORDA X 300 GR","1020024","102","CARNES ROJAS","ya estaba en la tabla"
"QUESO AZUL","1120030","112","LACTEOS Y DERIVADOS","ya estaba en la tabla"
"QUESO BOCCONCINI","1120039","112","LACTEOS Y DERIVADOS","ya estaba en la tabla"
"QUESO BRIE","1120067","112","LACTEOS Y DERIVADOS","ya estaba en la tabla"
"QUESO CILIEGINE MOZARELLA DE BUFALA","1120042","112","LACTEOS Y DERIVADOS","ya estaba en la tabla"
"QUESO COLBY","1120010","112","LACTEOS Y DERIVADOS","ya estaba en la tabla"
"QUESO COSTEÑO DURO","1120012","112","LACTEOS Y DERIVADOS","ya estaba en la tabla"
"QUESO COSTEÑO SEMIDURO","1120011","112","LACTEOS Y DERIVADOS","ya estaba en la tabla"
"QUESO CREMA","1120040","112","LACTEOS Y DERIVADOS","ya estaba en la tabla"
"QUESO FETA","1120014","112","LACTEOS Y DERIVADOS","ya estaba en la tabla"
"QUESO GRANAPADANO","1120029","112","LACTEOS Y DERIVADOS","ya estaba en la tabla"
"QUESO MANCHEGO","1120015","112","LACTEOS Y DERIVADOS","ya estaba en la tabla"
"QUESO MOZARELLA TAJADO","1120016","112","LACTEOS Y DERIVADOS","ya estaba en la tabla"
"QUESO MOZZARELLA ENTERO","1120024","112","LACTEOS Y DERIVADOS","ya estaba en la tabla"
"QUESO MUENSTER","1120017","112","LACTEOS Y DERIVADOS","ya estaba en la tabla"
"QUESO PARMESANO EN BLOQUE","","","","FALTA - completar a mano"
"QUESO PECORINO","1120034","112","LACTEOS Y DERIVADOS","ya estaba en la tabla"
"QUESO PROVOLONE","1120032","112","LACTEOS Y DERIVADOS","ya estaba en la tabla"
"QUESO RICOTTA","1120028","112","LACTEOS Y DERIVADOS","ya estaba en la tabla"
"QUESO STRACCIATELLA","1120038","112","LACTEOS Y DERIVADOS","ya estaba en la tabla"
"QUIBBES","1130018","113","PRECOCIDOS Y CONGELADOS","ya estaba en la tabla"
"RAVIOLIS CARNE","1130038","113","PRECOCIDOS Y CONGELADOS","ya estaba en la tabla"
"RAVIOLIS DE POLLO TOCINETA","1130061","113","PRECOCIDOS Y CONGELADOS","ya estaba en la tabla"
"RC AREPA ANTIOQUEÑA","FA1185","FA1","FORMULA DE ALIMENTOS (PLATOS)","ya estaba en la tabla"
"RC BQ PAELLA DE VERDURAS","","","","FALTA - completar a mano"
"RC BQ PORCION DE SALSA DE CHAMPAG","","","","FALTA - completar a mano"
"RC CHICHARRON AL BARRIL/FRITO","FA1002","FA1","FORMULA DE ALIMENTOS (PLATOS)","ya estaba en la tabla"
"RC CUBA LIBRE","","","","FALTA - completar a mano"
"RC DADOS DE POLLO CRIOLLO CON BOLLO LIMPIO","","","","FALTA - completar a mano"
"RC DEDITO DE QUESO FRITO","FA1408","FA1","FORMULA DE ALIMENTOS (PLATOS)","ya estaba en la tabla"
"RC ENSALADA CAUJARAL","FA1047","FA1","FORMULA DE ALIMENTOS (PLATOS)","ya estaba en la tabla"
"RC ENSALADA TRATTORIA ACOMPAÑANTE","FP1083","FP1","FORMULAS PREFERENCIAS Y ADICIONALES","ya estaba en la tabla"
"RC JUGO DE NARANJA","FA1072","FA1","FORMULA DE ALIMENTOS (PLATOS)","ya estaba en la tabla"
"RC LIMONADA NATURAL","FB1029","FB1","","ya estaba en la tabla"
"RC MINI AREPA DE HUEVO","FA1112","FA1","FORMULA DE ALIMENTOS (PLATOS)","ya estaba en la tabla"
"RC MINI AREPA DE QUESO FRITA","FA1165","FA1","FORMULA DE ALIMENTOS (PLATOS)","ya estaba en la tabla"
"RC MINI AREPA DULCE","FA1283","FA1","FORMULA DE ALIMENTOS (PLATOS)","ya estaba en la tabla"
"RC MINI BURGUER ANGUS X 3 UND","FA1081","FA1","FORMULA DE ALIMENTOS (PLATOS)","ya estaba en la tabla"
"RC MINI CARIBAÑOLA DE CARNE","FA1282","FA1","FORMULA DE ALIMENTOS (PLATOS)","ya estaba en la tabla"
"RC MINI CARIBAÑOLA DE QUESO","FA1111","FA1","FORMULA DE ALIMENTOS (PLATOS)","ya estaba en la tabla"
"RC MINI EMPANADA DE CARNE","FA1058","FA1","FORMULA DE ALIMENTOS (PLATOS)","ya estaba en la tabla"
"RC MOJITO CUBANO","FB1039","FB1","","ya estaba en la tabla"
"RC MOLCAJETE DE CAMARON","","","","FALTA - completar a mano"
"RC PAN PARA PASTAS X  60 TORREJAS","FA1311","FA1","FORMULA DE ALIMENTOS (PLATOS)","ya estaba en la tabla"
"RC PASTAS A LA BOLOÑESA","FA1100","FA1","FORMULA DE ALIMENTOS (PLATOS)","ya estaba en la tabla"
"RC PASTAS CON POLLO","FA1104","FA1","FORMULA DE ALIMENTOS (PLATOS)","ya estaba en la tabla"
"RC PASTAS NAPOLITANA","FA1105","FA1","FORMULA DE ALIMENTOS (PLATOS)","ya estaba en la tabla"
"RC PEPPER STEAK","FA1110","FA1","FORMULA DE ALIMENTOS (PLATOS)","ya estaba en la tabla"
"RC PICAÑA ANGU CERTIFIED","FA1120","FA1","FORMULA DE ALIMENTOS (PLATOS)","ya estaba en la tabla"
"RC SANCOCHITO DE POLLO","FA1140","FA1","FORMULA DE ALIMENTOS (PLATOS)","ya estaba en la tabla"
"RC TRAGO GINEBRA HENDRICKS (45 ML)","","","","FALTA - completar a mano"
"RC YUCA CON MOJO","","","","FALTA - completar a mano"
"RECETA PRODUCCION DE PICADILLO DE SAWARMAN (1.8 KL)","","","","FALTA - completar a mano"
"RECETA PRODUCCION DE SALSA POMODORO CALIENTE (5.7 KL)","","","","FALTA - completar a mano"
"RECETA PRODUCCION DE SALSA POMODORO PARA PIZZA (7.85 KL)","","","","FALTA - completar a mano"
"RECETA PRODUCCION DE SALSA TAGINNE  (1.8 KL)","","","","FALTA - completar a mano"
"RECORTE CHICHARRON X 1000 GR","1030022","103","CERDOS","ya estaba en la tabla"
"RECORTE DE CHICHARRON","1030010","103","CERDOS","ya estaba en la tabla"
"RECORTE DE CHICHARRÓN X150GR","1030019","103","CERDOS","ya estaba en la tabla"
"RECORTE DE SALMON","1040016","104","PESCADOS Y MARISCOS","ya estaba en la tabla"
"REPOLLO BLANCO","1220036","122","VERDURAS","ya estaba en la tabla"
"RIB EYE CERTIFIED ANGUS BEEF X 350","1020031","102","CARNES ROJAS","ya estaba en la tabla"
"RIB EYE NACIONAL X 300 GR","1020030","102","CARNES ROJAS","ya estaba en la tabla"
"ROAS BEEF X 80 GR","1020028","102","CARNES ROJAS","ya estaba en la tabla"
"ROBALO PLATERO X 750 GR","","","","FALTA - completar a mano"
"ROBALO X 250 GR","1040018","104","PESCADOS Y MARISCOS","ya estaba en la tabla"
"ROMERO","1220038","122","VERDURAS","ya estaba en la tabla"
"ROMERO KISKA","1220080","122","VERDURAS","ya estaba en la tabla"
"RON BLANCO X 750 ML","2120060","212","LICORES","ya estaba en la tabla"
"RON HAVANA 7 AÑOS X 750 ML (467)","2120018","212","LICORES","ya estaba en la tabla"
"RON HAVANA CLUB 3 AÑOS X 700 ML (477)","2120019","212","LICORES","ya estaba en la tabla"
"RON LA HECHICERA BANANO X 700 ML (538)","2120021","212","LICORES","ya estaba en la tabla"
"RON LA HECHICERA X 700 ML (518)","2120022","212","LICORES","ya estaba en la tabla"
"SAL PARRILLERA","1150069","115","INSUMOS E IMPLEMENTOS DE CAFETERIA","ya estaba en la tabla"
"SAL REFISAL","1150070","115","INSUMOS E IMPLEMENTOS DE CAFETERIA","ya estaba en la tabla"
"SALAMI CORRIENTE","1110020","111","EMBUTIDOS","ya estaba en la tabla"
"SALAMI IMPORTADO","1110009","111","EMBUTIDOS","ya estaba en la tabla"
"SALCHICHA RANCHERA","1110028","111","EMBUTIDOS","ya estaba en la tabla"
"SALCHICHA SUIZA","1110039","111","EMBUTIDOS","deducido de inventario y compras"
"SALCHICHA SUPERPERRO","1110006","111","EMBUTIDOS","ya estaba en la tabla"
"SALMON AHUMADO","1040035","104","PESCADOS Y MARISCOS","ya estaba en la tabla"
"SALMON PARA CARPACCIO","1040020","104","PESCADOS Y MARISCOS","ya estaba en la tabla"
"SALMON X 100 GR","1040061","104","PESCADOS Y MARISCOS","ya estaba en la tabla"
"SALMON X 125 GR","1040021","104","PESCADOS Y MARISCOS","ya estaba en la tabla"
"SALMON X 250 GR","1040022","104","PESCADOS Y MARISCOS","ya estaba en la tabla"
"SALSA AMAZON ROJA X 155 ML","1170015","117","SALSA Y CONDIMENTOS","ya estaba en la tabla"
"SALSA DE MAYONESA SASHET X 8 GR","1170048","117","SALSA Y CONDIMENTOS","ya estaba en la tabla"
"SALSA DE MOSTAZA SASHET X 8 GR","1170050","117","SALSA Y CONDIMENTOS","ya estaba en la tabla"
"SALSA DE PIÑA SASHET X 8 GR","1170049","117","SALSA Y CONDIMENTOS","ya estaba en la tabla"
"SALSA DE QUESO CHEDDAR","1170039","117","SALSA Y CONDIMENTOS","ya estaba en la tabla"
"SALSA DE SOYA","1170018","117","SALSA Y CONDIMENTOS","ya estaba en la tabla"
"SALSA DE SOYA KIKKOMAN LIGHT X 158 ML","1170019","117","SALSA Y CONDIMENTOS","ya estaba en la tabla"
"SALSA DE TOMATE SASHET X 8 GR","1170020","117","SALSA Y CONDIMENTOS","ya estaba en la tabla"
"SALSA DE TOMATE X 4350 GR - (135 GR)","1150072","115","INSUMOS E IMPLEMENTOS DE CAFETERIA","ya estaba en la tabla"
"SALSA HERSHEY´S CHOCOLATE  X 680 GR","1170021","117","SALSA Y CONDIMENTOS","ya estaba en la tabla"
"SALSA INGLESA","1170022","117","SALSA Y CONDIMENTOS","ya estaba en la tabla"
"SALSA MAY PLOY X 730 ML","1170023","117","SALSA Y CONDIMENTOS","ya estaba en la tabla"
"SALSA SAKURA","1170025","117","SALSA Y CONDIMENTOS","ya estaba en la tabla"
"SALSA SIRACHA","1170026","117","SALSA Y CONDIMENTOS","ya estaba en la tabla"
"SB AJILLO ROSTIZADO","","","","FALTA - completar a mano"
"SB AJO LICUADO","FS1002","FS1","FORMULAS SALSAS Y SUBRECETAS","ya estaba en la tabla"
"SB ARROZ DE SUSHI","FS1019","FS1","FORMULAS SALSAS Y SUBRECETAS","ya estaba en la tabla"
"SB BASE DE RISOTTO","FS1086","FS1","FORMULAS SALSAS Y SUBRECETAS","ya estaba en la tabla"
"SB BECHAMEL COCINAS","FS1008","FS1","FORMULAS SALSAS Y SUBRECETAS","ya estaba en la tabla"
"SB BECHAMEL DE LA PIZZERIA","FS1068","FS1","FORMULAS SALSAS Y SUBRECETAS","ya estaba en la tabla"
"SB BERENJENAS DESHIDRATADA","FS1080","FS1","FORMULAS SALSAS Y SUBRECETAS","ya estaba en la tabla"
"SB BISQUE","FS1031","FS1","FORMULAS SALSAS Y SUBRECETAS","ya estaba en la tabla"
"SB CARNE MOLIDA PREPRARADA","FS1040","FS1","FORMULAS SALSAS Y SUBRECETAS","ya estaba en la tabla"
"SB CASCARA NARANJA IMPORTADA","FS1115","FS1","FORMULAS SALSAS Y SUBRECETAS","ya estaba en la tabla"
"SB CEBOLLA CARAMELIZADA COCINAS","FS1078","FS1","FORMULAS SALSAS Y SUBRECETAS","ya estaba en la tabla"
"SB CEBOLLA CARAMELIZADA PIZZERIA","FS1055","FS1","FORMULAS SALSAS Y SUBRECETAS","ya estaba en la tabla"
"SB CHICHEN TENDERS DE PRODUCCION","FS1088","FS1","FORMULAS SALSAS Y SUBRECETAS","ya estaba en la tabla"
"SB CHIMICHURRI DE ESPECIES","","","","FALTA - completar a mano"
"SB CHIMICHURRI TRADICIONAL","FS1014","FS1","FORMULAS SALSAS Y SUBRECETAS","ya estaba en la tabla"
"SB CONFITURA DE TOMATES","FS1036","FS1","FORMULAS SALSAS Y SUBRECETAS","ya estaba en la tabla"
"SB COSTRA DE FINAS HIERBAS","","","","FALTA - completar a mano"
"SB COSTRA DE PISTACHO","FS1032","FS1","FORMULAS SALSAS Y SUBRECETAS","ya estaba en la tabla"
"SB CREMA DE TOMATE PIZZERIA","FS1110","FS1","FORMULAS SALSAS Y SUBRECETAS","ya estaba en la tabla"
"SB FONDO DE VERDURAS","","","","FALTA - completar a mano"
"SB GUACAMOLE CRIOLLO","FS1028","FS1","FORMULAS SALSAS Y SUBRECETAS","ya estaba en la tabla"
"SB GUANCHALE DESHIDRATADO X 30 GR","FS1079","FS1","FORMULAS SALSAS Y SUBRECETAS","ya estaba en la tabla"
"SB MANTEQUILLA DE ALMENDRA","","","","FALTA - completar a mano"
"SB MANTEQUILLA DE PIMIENTA","FS1021","FS1","FORMULAS SALSAS Y SUBRECETAS","ya estaba en la tabla"
"SB MANTEQUILLA PARA UNTAR","","","","FALTA - completar a mano"
"SB MASA DE MAIZ CON HARINA PAN PARA FRITOS","FS1076","FS1","FORMULAS SALSAS Y SUBRECETAS","ya estaba en la tabla"
"SB MEDIO POLLO MARINADO","","","","FALTA - completar a mano"
"SB MEZCLA DE VERDURAS NAUTICA","FS1075","FS1","FORMULAS SALSAS Y SUBRECETAS","ya estaba en la tabla"
"SB MOJE","FS1054","FS1","FORMULAS SALSAS Y SUBRECETAS","ya estaba en la tabla"
"SB PERAS CARAMELIZADA","FS1063","FS1","FORMULAS SALSAS Y SUBRECETAS","ya estaba en la tabla"
"SB PICADILLO DE SHAWARMAN","","","","FALTA - completar a mano"
"SB PICADILLO DE TOMATE Y CEBOLLA (DESAYUNO)","FS1091","FS1","FORMULAS SALSAS Y SUBRECETAS","ya estaba en la tabla"
"SB PICANTE CRIOLLO","FS1004","FS1","FORMULAS SALSAS Y SUBRECETAS","ya estaba en la tabla"
"SB PICO DE GALLO","FS1067","FS1","FORMULAS SALSAS Y SUBRECETAS","ya estaba en la tabla"
"SB PIMENTONES MIXTOS DESHIDRATADO","FS1083","FS1","FORMULAS SALSAS Y SUBRECETAS","ya estaba en la tabla"
"SB PIÑA EN ALMIBAR PIZZERIA","FS1061","FS1","FORMULAS SALSAS Y SUBRECETAS","ya estaba en la tabla"
"SB PIÑA X 90 GR (BARES)","","","","FALTA - completar a mano"
"SB POLLO DESMECHADO","FS1060","FS1","FORMULAS SALSAS Y SUBRECETAS","ya estaba en la tabla"
"SB POMODORO CALIENTE PIZZERIA","","","","FALTA - completar a mano"
"SB PORCION DE RAVIOLIS DE MOZZARELLA Y PASTA DE TOMATE","FS1104","FS1","FORMULAS SALSAS Y SUBRECETAS","ya estaba en la tabla"
"SB PORCION DE RAVIOLIS DE PERAS Y QUESO AZUL","FS1106","FS1","FORMULAS SALSAS Y SUBRECETAS","ya estaba en la tabla"
"SB PORCION DE RAVIOLIS DE SALMON","FS1108","FS1","FORMULAS SALSAS Y SUBRECETAS","ya estaba en la tabla"
"SB PORCION DE RAVIOLIS MOZZARELLA DE TRUFAS","","","","FALTA - completar a mano"
"SB PORCION DE RAVIOLOS 4 QUESO","FS1103","FS1","FORMULAS SALSAS Y SUBRECETAS","ya estaba en la tabla"
"SB PRODUCCION DE AHOGADO","FS1077","FS1","FORMULAS SALSAS Y SUBRECETAS","ya estaba en la tabla"
"SB PRODUCCION DE ARROZ BLANCO","FS1029","FS1","FORMULAS SALSAS Y SUBRECETAS","ya estaba en la tabla"
"SB PRODUCCION DE ARROZ DE COCO","FS1030","FS1","FORMULAS SALSAS Y SUBRECETAS","ya estaba en la tabla"
"SB PRODUCCION DE CAYEYE","FS1072","FS1","FORMULAS SALSAS Y SUBRECETAS","ya estaba en la tabla"
"SB PRODUCCION DE MASA DE WAFLES","FS1089","FS1","FORMULAS SALSAS Y SUBRECETAS","ya estaba en la tabla"
"SB PRODUCCION DE ROPA VIEJA","","","","FALTA - completar a mano"
"SB PRODUCCION PURE DE PAPAS","FS1033","FS1","FORMULAS SALSAS Y SUBRECETAS","ya estaba en la tabla"
"SB RODAJAS DE LIMON","FS1113","FS1","FORMULAS SALSAS Y SUBRECETAS","ya estaba en la tabla"
"SB RODAJAS NARANJA IMPORTADA","FS1114","FS1","FORMULAS SALSAS Y SUBRECETAS","ya estaba en la tabla"
"SB SALSA AL AJILLO (A LA MINUTA)","FS1020","FS1","FORMULAS SALSAS Y SUBRECETAS","ya estaba en la tabla"
"SB SALSA AMERICANA","","","","FALTA - completar a mano"
"SB SALSA BASE PARA CREEPS","","","","FALTA - completar a mano"
"SB SALSA BASE PARA SANDWICH","FS1005","FS1","FORMULAS SALSAS Y SUBRECETAS","ya estaba en la tabla"
"SB SALSA BBQ","","","","FALTA - completar a mano"
"SB SALSA BBQ PARA ALITAS","FS1120","FS1","FORMULAS SALSAS Y SUBRECETAS","ya estaba en la tabla"
"SB SALSA BOLOÑESA","FS1001","FS1","FORMULAS SALSAS Y SUBRECETAS","ya estaba en la tabla"
"SB SALSA CARBONARA","FS1111","FS1","FORMULAS SALSAS Y SUBRECETAS","ya estaba en la tabla"
"SB SALSA CESAR","FS1009","FS1","FORMULAS SALSAS Y SUBRECETAS","ya estaba en la tabla"
"SB SALSA CREMOSA DE CHAMPAG","","","","FALTA - completar a mano"
"SB SALSA CRIOLLA","FS1007","FS1","FORMULAS SALSAS Y SUBRECETAS","ya estaba en la tabla"
"SB SALSA DE AJO","FS1073","FS1","FORMULAS SALSAS Y SUBRECETAS","ya estaba en la tabla"
"SB SALSA DE AJONJOI","FS1059","FS1","FORMULAS SALSAS Y SUBRECETAS","ya estaba en la tabla"
"SB SALSA DE CAMARON DI MARE (A LA MINUTA)","FS1047","FS1","FORMULAS SALSAS Y SUBRECETAS","ya estaba en la tabla"
"SB SALSA DE DURAZNOS CON TOCINETA","","","","FALTA - completar a mano"
"SB SALSA DE MANGO Y JENGIBRE","","","","FALTA - completar a mano"
"SB SALSA DE MARACUYA (EVENTOS)","FS1071","FS1","FORMULAS SALSAS Y SUBRECETAS","ya estaba en la tabla"
"SB SALSA DE PISTACHO PIZZERIA","FS1064","FS1","FORMULAS SALSAS Y SUBRECETAS","ya estaba en la tabla"
"SB SALSA DE QUESO PIZZERIA","FS1062","FS1","FORMULAS SALSAS Y SUBRECETAS","ya estaba en la tabla"
"SB SALSA DE TRUFA","FS1065","FS1","FORMULAS SALSAS Y SUBRECETAS","ya estaba en la tabla"
"SB SALSA DINAMITA","FS1024","FS1","FORMULAS SALSAS Y SUBRECETAS","ya estaba en la tabla"
"SB SALSA FINAS HIERBAS (A LA MINUTA)","FS1022","FS1","FORMULAS SALSAS Y SUBRECETAS","ya estaba en la tabla"
"SB SALSA FRANCESA","FS1045","FS1","FORMULAS SALSAS Y SUBRECETAS","ya estaba en la tabla"
"SB SALSA GOLD (ROSADA)","FS1011","FS1","FORMULAS SALSAS Y SUBRECETAS","ya estaba en la tabla"
"SB SALSA HOLANDESA","","","","FALTA - completar a mano"
"SB SALSA KETO","FS1017","FS1","FORMULAS SALSAS Y SUBRECETAS","ya estaba en la tabla"
"SB SALSA MAYONESA DE CHORIZOS PARA HAMBURGUESAS","FS1042","FS1","FORMULAS SALSAS Y SUBRECETAS","ya estaba en la tabla"
"SB SALSA MOJO (CUBANO)","","","","FALTA - completar a mano"
"SB SALSA PERA","","","","FALTA - completar a mano"
"SB SALSA PESTO","FS1003","FS1","FORMULAS SALSAS Y SUBRECETAS","ya estaba en la tabla"
"SB SALSA PESTO DE PIZZERIA","FS1109","FS1","FORMULAS SALSAS Y SUBRECETAS","ya estaba en la tabla"
"SB SALSA POMODORO PARA BOLOÑESA","FS1101","FS1","FORMULAS SALSAS Y SUBRECETAS","ya estaba en la tabla"
"SB SALSA POMODORO PARA PIZZAS","FS1057","FS1","FORMULAS SALSAS Y SUBRECETAS","ya estaba en la tabla"
"SB SALSA POMODORO TRADICIONAL PARA PASTAS","FS1016","FS1","FORMULAS SALSAS Y SUBRECETAS","ya estaba en la tabla"
"SB SALSA PONSO (TIRADITO DE ATUN)","FS1010","FS1","FORMULAS SALSAS Y SUBRECETAS","ya estaba en la tabla"
"SB SALSA RAGU","FS1066","FS1","FORMULAS SALSAS Y SUBRECETAS","ya estaba en la tabla"
"SB SALSA REDUCCION BALSAMICA","FS1070","FS1","FORMULAS SALSAS Y SUBRECETAS","ya estaba en la tabla"
"SB SALSA TAGINNE","","","","FALTA - completar a mano"
"SB SALSA TARTARA","FS1037","FS1","FORMULAS SALSAS Y SUBRECETAS","ya estaba en la tabla"
"SB SALSA TERIYAKI COCINAS","FS1051","FS1","FORMULAS SALSAS Y SUBRECETAS","ya estaba en la tabla"
"SB SIROPE SIMPLE","FS1043","FS1","FORMULAS SALSAS Y SUBRECETAS","ya estaba en la tabla"
"SB SOUR CREAM","","","","FALTA - completar a mano"
"SB TARTAR DE SALMON PARA SUSHI (A LA MINUTA)","FS1027","FS1","FORMULAS SALSAS Y SUBRECETAS","ya estaba en la tabla"
"SB VERDURAS AHUMADAS","FS1046","FS1","FORMULAS SALSAS Y SUBRECETAS","ya estaba en la tabla"
"SB VINAGRE DE ARROZ","FS1025","FS1","FORMULAS SALSAS Y SUBRECETAS","ya estaba en la tabla"
"SB VINAGRETA DE LA CASA PIZZERIA","FS1056","FS1","FORMULAS SALSAS Y SUBRECETAS","ya estaba en la tabla"
"SB ZUQUINI AMARILLO DESHIDRATADO","FS1081","FS1","FORMULAS SALSAS Y SUBRECETAS","ya estaba en la tabla"
"SB ZUQUINI VERDE DESHIDRATADO","FS1082","FS1","FORMULAS SALSAS Y SUBRECETAS","ya estaba en la tabla"
"SHIRAKIKU KANIKAMA","1040031","104","PESCADOS Y MARISCOS","ya estaba en la tabla"
"SODA  X 300 ML","2210020","221","BEBIDAS REFRESCANTES","ya estaba en la tabla"
"SODA BRETAÑA POSTOBON X 2.5 LT","2210019","221","BEBIDAS REFRESCANTES","deducido de inventario y compras"
"SODA X 1.5 LT","2210055","221","BEBIDAS REFRESCANTES","ya estaba en la tabla"
"STEAK DE ATUN X 200 GR","","","","FALTA - completar a mano"
"SUERO COSTEÑO","1120019","112","LACTEOS Y DERIVADOS","ya estaba en la tabla"
"TABLA DE QUESO","1120020","112","LACTEOS Y DERIVADOS","ya estaba en la tabla"
"TAJIN","1150080","115","INSUMOS E IMPLEMENTOS DE CAFETERIA","ya estaba en la tabla"
"TEMPURA MIX","1150073","115","INSUMOS E IMPLEMENTOS DE CAFETERIA","ya estaba en la tabla"
"TEQUILA 1800 CRISTALINO AÑEJO X 700ML (688)","2120092","212","LICORES","ya estaba en la tabla"
"TEQUILA ALTOS REPOSADO X 700 ML (614)","2120028","212","LICORES","ya estaba en la tabla"
"TEQUILA ALTOS SILVER X 700 ML (614)","2120029","212","LICORES","ya estaba en la tabla"
"TEQUILA DON JULIO 70 X 700 ML (807)","2120023","212","LICORES","ya estaba en la tabla"
"TEQUILA DON JULIO BLANCO X 700 ML (589)","2120025","212","LICORES","ya estaba en la tabla"
"TEQUILA DON JULIO REPOSADO X 700 ML (723)","2120026","212","LICORES","ya estaba en la tabla"
"TEQUILA JOSE CUERVO ESPECIAL REPOSADO 990 ML (585)","","","","FALTA - completar a mano"
"TEQUILA MEZCAL OJO DE TIGRE JOVEN X 750 ML (642)","2120059","212","LICORES","ya estaba en la tabla"
"TEQUILA OLMECA REPOSADO 1000 ML (667)","2120030","212","LICORES","ya estaba en la tabla"
"TEQUILA PATRON CRISTALINO X 700ML","2120096","212","LICORES","ya estaba en la tabla"
"TETAFULA","1020037","102","CARNES ROJAS","ya estaba en la tabla"
"TILAPIA FRESCA NACIONAL","1040038","104","PESCADOS Y MARISCOS","ya estaba en la tabla"
"TILAPIA NACIONAL 7-9 ONZAS GLASEADA AL 30%","1040025","104","PESCADOS Y MARISCOS","ya estaba en la tabla"
"TILAPIA NACIONAL X 100 GR","1040026","104","PESCADOS Y MARISCOS","ya estaba en la tabla"
"TOCINETA","1110007","111","EMBUTIDOS","ya estaba en la tabla"
"TOMAHAWK DE CERDO X 350 GR","1030017","103","CERDOS","ya estaba en la tabla"
"TOMATE CHERRY","1210025","121","FRUTAS","ya estaba en la tabla"
"TOMATE CHONTO","1220040","122","VERDURAS","ya estaba en la tabla"
"TOMATE PELADOS X 2550 GR X 1650 GR DRENADO","1150089","115","INSUMOS E IMPLEMENTOS DE CAFETERIA","ya estaba en la tabla"
"TOMATE SECOS ENCURTIDOS X 740 GR X 430 GR DRENADO","1150088","115","INSUMOS E IMPLEMENTOS DE CAFETERIA","ya estaba en la tabla"
"TOMATE UVALINA","1220057","122","VERDURAS","ya estaba en la tabla"
"TORTILLA BIMBO TALLA L","","","","FALTA - completar a mano"
"TOSTADAS PQ X 40 UND","1190020","119","PANES Y POSTRES","ya estaba en la tabla"
"TRIPLE SEC X 700 ML (640)","2120031","212","LICORES","ya estaba en la tabla"
"TRUCHA ARCOIRIS X 300 GR","","","","FALTA - completar a mano"
"UCHUVA","1210028","121","FRUTAS","deducido de inventario y compras"
"UVA ISABELLA","1210040","121","FRUTAS","deducido de inventario y compras"
"UVAS CON SEMILLA VERDES","","","","FALTA - completar a mano"
"UVAS VERDES SIN SEMILLAS","1210034","121","FRUTAS","ya estaba en la tabla"
"VINAGRE BALSAMICO","1170029","117","SALSA Y CONDIMENTOS","ya estaba en la tabla"
"VINAGRE BLANCO","1170030","117","SALSA Y CONDIMENTOS","ya estaba en la tabla"
"VINO BLANCO ALAMOS CHARDONNAY  X 750 ML","","","","FALTA - completar a mano"
"VINO BLANCO AMALAYA TORRONTES - RIESLING  X 750 ML","","","","FALTA - completar a mano"
"VINO BLANCO CAJA","2130003","213","VINOS & CHAMPAGNE","ya estaba en la tabla"
"VINO BLANCO RAMON BILBAO VERDEJO X 750 ML(451)","2130013","213","VINOS & CHAMPAGNE","ya estaba en la tabla"
"VINO BLANCO ROSALEDA SAUVIGNON BLANC  X 750 ML","2130094","213","VINOS & CHAMPAGNE","ya estaba en la tabla"
"VINO BLANCO SAUVIGNON LA POSTA  WHITE BLEND  X 750 ML","2130127","213","VINOS & CHAMPAGNE","ya estaba en la tabla"
"VINO ESPUMOSO CINZANO X 750ML (783)","2130079","213","VINOS & CHAMPAGNE","ya estaba en la tabla"
"VINO ESPUMOSO LAMBRUSCO PICCINI EMILIA  X 750 ML","2130151","213","VINOS & CHAMPAGNE","ya estaba en la tabla"
"VINO LAMBRUSCO ROSADO PICCINI REGNO X 750 ML","2130020","213","VINOS & CHAMPAGNE","ya estaba en la tabla"
"VINO ROSADO WHISPERING ANGEL X 750 ML","2130165","213","VINOS & CHAMPAGNE","ya estaba en la tabla"
"VINO TINTO ALAMOS MERLOT  X 750 ML","2130130","213","VINOS & CHAMPAGNE","ya estaba en la tabla"
"VINO TINTO CAJA","2130024","213","VINOS & CHAMPAGNE","ya estaba en la tabla"
"VINO TINTO EMILIO MORO MALLEOLUS X 750 ML","2130034","213","VINOS & CHAMPAGNE","ya estaba en la tabla"
"VINO TINTO RAMON BILBAO CRIANZA X 750 ML (422)","2130054","213","VINOS & CHAMPAGNE","ya estaba en la tabla"
"VINO TINTO ROSALEDA MERLOT X 750 ML (377)","2130056","213","VINOS & CHAMPAGNE","ya estaba en la tabla"
"VODKA ABSOLUT X 700 ML (501)","2120033","212","LICORES","ya estaba en la tabla"
"VODKA GREY GOOSE X 700 ML (529)","2120034","212","LICORES","deducido de inventario y compras"
"WASABI","1170031","117","SALSA Y CONDIMENTOS","ya estaba en la tabla"
"WHISKY BUCHANANS 12 AÑOS X 750 ML  (501)","2120035","212","LICORES","ya estaba en la tabla"
"WHISKY BUCHANANS 18 AÑOS X 750 ML  (745)","2120037","212","LICORES","ya estaba en la tabla"
"WHISKY BUCHANANS MASTER 750 ML (502)","2120038","212","LICORES","ya estaba en la tabla"
"WHISKY BUCHANANS TWO SOULS X 750 ML (477)","2120040","212","LICORES","ya estaba en la tabla"
"WHISKY MACALLAN DOUBLE CASK 12 AÑOS X 700 ML (666)","2120101","212","LICORES","ya estaba en la tabla"
"WHISKY OLD PARR 12 AÑOS X 750 ML (471)","2120047","212","LICORES","ya estaba en la tabla"
"WHISKY SELLO NEGRO 12 AÑOS X 700 ML (362)","2120048","212","LICORES","ya estaba en la tabla"
"WHISKY THE GLENLIVENT CARIBBEAN RESERVE 750 ML (568)","2120056","212","LICORES","ya estaba en la tabla"
"WHISKY THE GLENLIVET 12 AÑOS X 700 ML (570)","2120050","212","LICORES","ya estaba en la tabla"
"WHISKY THE GLENLIVET 15 AÑOS X 700 ML (557)","2120051","212","LICORES","ya estaba en la tabla"
"WHISKY THE GLENLIVET CAPTAIN X 700 ML (557)","2120052","212","LICORES","ya estaba en la tabla"
"WHISKY THE GLENLIVET FOUNDER X 700 ML","2120054","212","LICORES","ya estaba en la tabla"
"WHISKY THE GLENLIVET FOUNDER X 700 ML (573)","2120053","212","LICORES","ya estaba en la tabla"
"WHISKY THE SINGLETON 12 AÑOS X 750 ML","","","","FALTA - completar a mano"
"YOGURT  YOGO YOGO","1120021","112","LACTEOS Y DERIVADOS","ya estaba en la tabla"
"YOGURT GRIEGO","1120045","112","LACTEOS Y DERIVADOS","ya estaba en la tabla"
"YOGURT KUMIS","1120022","112","LACTEOS Y DERIVADOS","ya estaba en la tabla"
"YUCA","1220041","122","VERDURAS","ya estaba en la tabla"
"ZANAHORIA","1220042","122","VERDURAS","ya estaba en la tabla"
"ZUMO DE LIMON","1210031","121","FRUTAS","ya estaba en la tabla"
"ZUMO DE TORONJA","1210052","121","FRUTAS","ya estaba en la tabla"
"ZUQUINI AMARILLO","1220043","122","VERDURAS","ya estaba en la tabla"
"ZUQUINI VERDE","1220044","122","VERDURAS","ya estaba en la tabla"
