"Articulo","Equivale","Unidad","Origen","Apariciones"
"SALMON X 250 GR","250","GR","deducido del nombre","30"
"SALSA MAY PLOY X 730 ML","730","ML","deducido del nombre","22"
"PECHUGA DE POLLO X 250 GR","250","GR","deducido del nombre","17"
"CHICHARRON X 500 GR","500","GR","deducido del nombre","17"
"ACEITUNAS DESHUESADA VERDE X 1000 GR X 500 GR DRENADO","1000","GR","deducido del nombre","15"
"MAIZ TIERNO X 432 GR X ? GR DRENADO","432","GR","deducido del nombre","14"
"CAMARON 51-60 X 200 GR","200","GR","deducido del nombre","14"
"ROBALO X 250 GR","250","GR","deducido del nombre","13"
"BOLLO DE HARINA Y QUESO X 150 GR","150","GR","deducido del nombre","13"
"TRIPLE SEC X 700 ML (640)","700","ML","deducido del nombre","12"
"SALSA DE SOYA KIKKOMAN LIGHT X 158 ML","158","ML","deducido del nombre","11"
"PORCION DE ARROZ DE COCO X 200 GR","200","GR","deducido del nombre","11"
"PICADA DE LOMO FINO X 300 GR","300","GR","deducido del nombre","10"
"PICADA DE POLLO X 300 GR","300","GR","deducido del nombre","9"
"ALCAPARRAS X 1000 GR X ? GR DRENAD","1000","GR","deducido del nombre","9"
"TOMATE SECOS ENCURTIDOS X 740 GR X 430 GR DRENADO","740","GR","deducido del nombre","9"
"LECHE DE COCO X 400 ML","400","ML","deducido del nombre","9"
"CHORIZO SICILIANO X 100 GR","100","GR","deducido del nombre","8"
"BRANDY DOMECQ 750 ML (359)","750","ML","deducido del nombre","8"
"SODA  X 300 ML","300","ML","deducido del nombre","8"
"CAZUELA DE MARISCOS X 370 GR","370","GR","deducido del nombre","8"
"TEQUILA OLMECA REPOSADO 1000 ML (667)","1000","ML","deducido del nombre","8"
"WHISKY THE GLENLIVET FOUNDER X 700 ML (573)","700","ML","deducido del nombre","8"
"AGUA TONICA X 300 ML","300","ML","deducido del nombre","7"
"SALSA AMAZON ROJA X 155 ML","155","ML","deducido del nombre","7"
"ALCACHOFA  X 2500 GR X 1200 GR DRENADO","2500","GR","deducido del nombre","7"
"CARNE DE HAMBURGUESA ANGUS X 160 GR","160","GR","deducido del nombre","7"
"ACEITUNAS KALAMATA CON HUESO X4000 GR (2.2 ESCURRIDO)","4000","GR","deducido del nombre","6"
"LANGOSTINO U15 X 240 GR","240","GR","deducido del nombre","6"
"LOMO FINO X 250 GR","250","GR","deducido del nombre","5"
"VINO ESPUMOSO CINZANO X 750ML (783)","750","ML","deducido del nombre","5"
"DURAZNOS EN MITADES X 820 GR","820","GR","deducido del nombre","5"
"GINEBRA BEEFEATER LONDON X 700 ML (460)","700","ML","deducido del nombre","5"
"TOMATE PELADOS X 2550 GR X 1650 GR DRENADO","2550","GR","deducido del nombre","4"
"RC GUANCHALE DESHIDRATADO X 30 GR","30","GR","deducido del nombre","4"
"RON HAVANA CLUB 3 AÑOS X 700 ML (477)","700","ML","deducido del nombre","4"
"WHISKY THE GLENLIVET 12 AÑOS X 700 ML (570)","700","ML","deducido del nombre","4"
"CAMPARI  X 750 ML (540)","750","ML","deducido del nombre","4"
"GINEBRA GORDONS X 700 ML (390)","700","ML","deducido del nombre","4"
"SALSA HERSHEY´S CHOCOLATE  X 680 GR","680","GR","deducido del nombre","4"
"CRUTONES X 360 GR X 24 PQ","360","GR","deducido del nombre","4"
"PAN FRANCES X 120 GR","120","GR","deducido del nombre","4"
"VINO TINTO ROSALEDA MERLOT X 750 ML (377)","750","ML","deducido del nombre","4"
"ANCHOAS  X  790 GRAMOS","790","GR","deducido del nombre","4"
"MARTINI ROSSO  ITALIA  X 750 ML (525)","750","ML","deducido del nombre","4"
"PICADA DE POLLO X 200 GR","200","GR","deducido del nombre","4"
"SALSA DE TOMATE SASHET X 8 GR","8","GR","deducido del nombre","3"
"PULPO MEXICANO X 150 GR","150","GR","deducido del nombre","3"
"TEQUILA DON JULIO BLANCO X 700 ML (589)","700","ML","deducido del nombre","3"
"GOTAS AMARGAS X 160 ML","160","ML","deducido del nombre","3"
"CAZUELA DE MARISCOS X 175 GR","175","GR","deducido del nombre","3"
"SALSA DE PIÑA SASHET X 8 GR","8","GR","deducido del nombre","3"
"CARNE MOLIDA ANGUS X 200 GR","200","GR","deducido del nombre","3"
"BARQUILLO X 300 GRM","300","GR","deducido del nombre","3"
"AGUA TONICA MIL976 X 250 ML","250","ML","deducido del nombre","3"
"PICADA DE LOMO FINO X 200 GR","200","GR","deducido del nombre","3"
"VODKA ABSOLUT X 700 ML (501)","700","ML","deducido del nombre","3"
"RON LA HECHICERA X 700 ML (518)","700","ML","deducido del nombre","3"
"ROAS BEEF X 80 GR","80","GR","deducido del nombre","3"
"APERITIVO APEROL X 750 ML (595)","750","ML","deducido del nombre","3"
"TEQUILA DON JULIO REPOSADO X 700 ML (723)","700","ML","deducido del nombre","3"
"PUNTA DE ANCA X 150 GR","150","GR","deducido del nombre","3"
"SALMON X 125 GR","125","GR","deducido del nombre","3"
"GASEOSA PET COCA COLA X 400 ML","400","ML","deducido del nombre","2"
"NO USAR VINO BLANCO CHILOE CHARDONAY X 750 ML","750","ML","deducido del nombre","2"
"PICAÑA ROLL X 350 GR","350","GR","deducido del nombre","2"
"PICAÑA CERTIFIED X 350 GR","350","GR","deducido del nombre","2"
"AGUARDIENTE ANTIOQUEÑO SIN AZUCAR X 750 ML (333)","750","ML","deducido del nombre","2"
"LIMONCELLO X 700 ML","700","ML","deducido del nombre","2"
"PICADA DE PICAÑA X 150 GR","150","GR","deducido del nombre","2"
"NO USAR VINO TINTO OLAS DEL SUR MALBEC X 750 ML","750","ML","deducido del nombre","2"
"MOJARRA ROJA X 500 GR","500","GR","deducido del nombre","2"
"PECHUGA DE POLLO X 150 GR","150","GR","deducido del nombre","2"
"PANELA X 500 GR","500","GR","deducido del nombre","2"
"PULPA DE MANDARINA X 150 GR","150","GR","deducido del nombre","2"
"PULPA DE FRUTA MARACUYA X 120 GR","120","GR","deducido del nombre","2"
"GINEBRA MONKEY X 500 ML (398)","500","ML","deducido del nombre","2"
"GINEBRA TANQUERAY GIN 700 X  ML (540)","700","ML","deducido del nombre","2"
"PULPA DE FRUTA LULO  X 125  GR","125","GR","deducido del nombre","2"
"WHISKY THE GLENLIVET FOUNDER X 700 ML","700","ML","deducido del nombre","2"
"LICOR 43  X 750 ML (562)","750","ML","deducido del nombre","2"
"PULPA DE FRUTA FRESA X 160 GR","160","GR","deducido del nombre","2"
"LANGOSTINO U15 X 140 GR","140","GR","deducido del nombre","2"
"NEW YORK AMERICANO X 300 GR","300","GR","deducido del nombre","2"
"WHISKY OLD PARR 12 AÑOS X 750 ML (471)","750","ML","deducido del nombre","2"
"VINO BLANCO RAMON BILBAO VERDEJO X 750 ML(451)","750","ML","deducido del nombre","2"
"VINO BLANCO ROSALEDA SAUVIGNON BLANC  X 750 ML","750","ML","deducido del nombre","2"
"WHISKY THE GLENLIVENT CARIBBEAN RESERVE 750 ML (568)","750","ML","deducido del nombre","2"
"SODA X 1.5 LT","1500","ML","deducido del nombre","2"
"TEQUILA PATRON CRISTALINO X 700ML","700","ML","deducido del nombre","2"
"WHISKY BUCHANANS TWO SOULS X 750 ML (477)","750","ML","deducido del nombre","2"
"WHISKY BUCHANANS 12 AÑOS X 750 ML  (501)","750","ML","deducido del nombre","2"
"CARNE DE HAMBURGUESA ANGUS X 100 GR","100","GR","deducido del nombre","2"
"CAMARON X 100 GR","100","GR","deducido del nombre","2"
"WHISKY THE GLENLIVET CAPTAIN X 700 ML (557)","700","ML","deducido del nombre","2"
"VINO TINTO RAMON BILBAO CRIANZA X 750 ML (422)","750","ML","deducido del nombre","2"
"RON HAVANA 7 AÑOS X 750 ML (467)","750","ML","deducido del nombre","2"
"CREMA DE COCO X 425 GR","425","GR","deducido del nombre","2"
"TEQUILA JOSE CUERVO ESPECIAL REPOSADO 990 ML (585)","990","ML","deducido del nombre","2"
"NEW YORK CERTIFIED ANGUS BEEF X 350 GR","350","GR","deducido del nombre","1"
"TRUCHA ARCOIRIS X 300 GR","300","GR","deducido del nombre","1"
"WHISKY BUCHANANS 18 AÑOS X 750 ML  (745)","750","ML","deducido del nombre","1"
"PICADA DE POLLO X 100 GR","100","GR","deducido del nombre","1"
"WHISKY BUCHANANS MASTER 750 ML (502)","750","ML","deducido del nombre","1"
"TOMAHAWK DE CERDO X 350 GR","350","GR","deducido del nombre","1"
"VODKA GREY GOOSE X 700 ML (588)","700","ML","deducido del nombre","1"
"PAN ARANDONOS X 600 GR","600","GR","deducido del nombre","1"
"PICADA DE ROBALO X 100 GR","100","GR","deducido del nombre","1"
"VINO BLANCO ALAMOS CHARDONNAY  X 750 ML","750","ML","deducido del nombre","1"
"VINO TINTO EMILIO MORO MALLEOLUS X 750 ML","750","ML","deducido del nombre","1"
"VINO ROSADO WHISPERING ANGEL X 750 ML","750","ML","deducido del nombre","1"
"WHISKY THE SINGLETON 12 AÑOS X 750 ML","750","ML","deducido del nombre","1"
"PAN DE MASA MADRE X 900 GR","900","GR","deducido del nombre","1"
"VINO TINTO ALAMOS MERLOT  X 750 ML","750","ML","deducido del nombre","1"
"PARGO ROJO X 540 GR","540","GR","deducido del nombre","1"
"NO USAR VINO TINTO CHILOE MERLOT X 750 ML (AGOTAR)","750","ML","deducido del nombre","1"
"NO USAR VINO ROSADO DUQUE DE MEDINA X 750 ML","750","ML","deducido del nombre","1"
"VINO ESPUMOSO LAMBRUSCO PICCINI EMILIA  X 750 ML","750","ML","deducido del nombre","1"
"PARGO ROJO X 750 GR","750","GR","deducido del nombre","1"
"VINO LAMBRUSCO ROSADO PICCINI REGNO X 750 ML","750","ML","deducido del nombre","1"
"WHISKY THE GLENLIVET 15 AÑOS X 700 ML (557)","700","ML","deducido del nombre","1"
"PUNTA DE ANCA X 300 GR","300","GR","deducido del nombre","1"
"SALSA DE MAYONESA SASHET X 8 GR","8","GR","deducido del nombre","1"
"SODA BRETAÑA POSTOBON X 2.5 LT","2500","ML","deducido del nombre","1"
"WHISKY SELLO NEGRO 12 AÑOS X 700 ML (362)","700","ML","deducido del nombre","1"
"SALSA DE MOSTAZA SASHET X 8 GR","8","GR","deducido del nombre","1"
"PUNTA GORDA X 300 GR","300","GR","deducido del nombre","1"
"SALMON X 100 GR","100","GR","deducido del nombre","1"
"ROBALO PLATERO X 750 GR","750","GR","deducido del nombre","1"
"RON LA HECHICERA BANANO X 700 ML (538)","700","ML","deducido del nombre","1"
"RC PIÑA X 90 GR (BARES)","90","GR","deducido del nombre","1"
"RC TRAGO GINEBRA HENDRICKS (45 ML)","45","ML","deducido del nombre","1"
"RECORTE DE CHICHARRÓN X150GR","150","GR","deducido del nombre","1"
"RON BLANCO X 750 ML","750","ML","deducido del nombre","1"
"PORCION DE PASTA FETUCCINI X 200 GR TRATTORIA","200","GR","deducido del nombre","1"
"PORCION DE PASTA SPAGUETTI X 200 GR TRATTORIA","200","GR","deducido del nombre","1"
"TILAPIA NACIONAL X 100 GR","100","GR","deducido del nombre","1"
"WHISKY MACALLAN DOUBLE CASK 12 AÑOS X 700 ML (666)","700","ML","deducido del nombre","1"
"TEQUILA MEZCAL OJO DE TIGRE JOVEN X 750 ML (642)","750","ML","deducido del nombre","1"
"PULPA DE FRUTA CEREZA  X 140 GR","140","GR","deducido del nombre","1"
"PULPA DE LANGOSTA X 100 GR","100","GR","deducido del nombre","1"
"TEQUILA ALTOS REPOSADO X 700 ML (614)","700","ML","deducido del nombre","1"
"STEAK DE ATUN X 200 GR","200","GR","deducido del nombre","1"
"PULPA DE FRUTA COCO  X 180 GR","180","GR","deducido del nombre","1"
"TEQUILA DON JULIO 70 X 700 ML (807)","700","ML","deducido del nombre","1"
"TEQUILA ALTOS SILVER X 700 ML (614)","700","ML","deducido del nombre","1"
"BIFE DE CHORIZO X 300 GR","300","GR","deducido del nombre","1"
"BIPRO CLASSIC X 910GR","910","GR","deducido del nombre","1"
"GASEOSA COCA COLA X 2.5 LT","2500","ML","deducido del nombre","1"
"ATUN EN LATA EN AGUA X 180 GR","180","GR","deducido del nombre","1"
"BIPRO LITE VAINILLA X 1080 GR","1080","GR","deducido del nombre","1"
"FILETE DE SIERRA X 250 GR","250","GR","deducido del nombre","1"
"ESPARRAGOS ENTEROS BLANCOS X 330 GR DRENAD 205 GR","330","GR","deducido del nombre","1"
"BONDIOLA X 300GR","300","GR","deducido del nombre","1"
"BURNER STACK UVA 360 GR","360","GR","deducido del nombre","1"
"JUGO DE TOMATE MOTSS LATA X 340 ML","340","ML","deducido del nombre","1"
"JALAPEÑO X 1000 GR","1000","GR","deducido del nombre","1"
"LOMO ANCHO X 125 GR","125","GR","deducido del nombre","1"
"LEBRANCHE X 1000 GR","1000","GR","deducido del nombre","1"
"HUEVAS DE PESCADO X 500 GR","500","GR","deducido del nombre","1"
"GINEBRA BEEFEATER LONDON X 1000 ML (671)","1000","ML","deducido del nombre","1"
"CERVEZA CORONITA 210 ML","210","ML","deducido del nombre","1"
"GRAPPA X 700 ML (596)","700","ML","deducido del nombre","1"
"GINEBRA HENDRICKS ORIGINAL X 750 ML","750","ML","deducido del nombre","1"
"CEREAL ARITOS AFRUTADOS X 750 GR","750","GR","deducido del nombre","1"
"CERVEZA HEINEKEN X 330 ML","330","ML","deducido del nombre","1"
"CHORIZO DE TERNERA X 470 GR X 8 UND","470","GR","deducido del nombre","1"
"CHICHARRON X 1000 GR","1000","GR","deducido del nombre","1"
"CERVEZA CUSQUEÑA X 330 ML","330","ML","deducido del nombre","1"
"CERVEZA CLUB COLOMBIA DORADA X 330 ML","330","ML","deducido del nombre","1"
"CERVEZA CORONA X 330 ML","330","ML","deducido del nombre","1"
"CEREZAS X 4000 GR X ? GR DRENAD","4000","GR","deducido del nombre","1"
"CERVEZA ANDINA X 330 ML","330","ML","deducido del nombre","1"
"C4 60 SERVICIO FRUIT PUNCH X 360 GRM","360","GR","deducido del nombre","1"
"CARNE EN POSTA X 100 GR","100","GR","deducido del nombre","1"
"DISARONNO X 750 ML (732)","750","ML","deducido del nombre","1"
"DENVER STEAK X 300 GR","300","GR","deducido del nombre","1"
"CREATINA MICRONIZED OPTIMUM NUTRITION X 300 GR","300","GR","deducido del nombre","1"
"CARNE HAMBURGUESA 70-30 X 150 GR","150","GR","deducido del nombre","1"
"CINZANO EXTRA DRY X 750ML","750","ML","deducido del nombre","1"
"CREA STACK FRUTOS ROJOS X 600 GR","600","GR","deducido del nombre","1"
"COSTILLA DE CERDO BABY BACK RIBS X 500 GR","500","GR","deducido del nombre","1"
"LOMO ANCHO X 300 GR","300","GR","deducido del nombre","1"
"MERMELADA UNIPERSONAL X 10 GR","10","GR","deducido del nombre","1"
"MEGA LITE VAINILLA X 533 GR","533","GR","deducido del nombre","1"
"AMARETTO 750 ML","750","ML","deducido del nombre","1"
"AGUARDIENTE ANTIOQUEÑO TAPA VERDE X 750 ML (333)","750","ML","deducido del nombre","1"
"MANTEQUILLA UNIPERSONAL X 10 GR","10","GR","deducido del nombre","1"
"MARTINI BIANCO ITALIA  X 750 ML (525)","750","ML","deducido del nombre","1"
"ALITAS DE POLLO X 500 GR","500","GR","deducido del nombre","1"
"MEDIO POLLO X 1000 GR","1000","GR","deducido del nombre","1"
"LOMO FINO X 150 GR","150","GR","deducido del nombre","1"
"GASEOSA PET X 400 ML","400","ML","deducido del nombre","1"
"ANILLOS DE CALAMAR X 200 GR","200","GR","deducido del nombre","1"
"ADICIONAL FRESA X 100 GR","100","GR","deducido del nombre","1"
"MIEL DE ABEJAS SYRUP MAPLE X 470 GR","470","GR","deducido del nombre","1"
"ALMEJAS X 150 GR","150","GR","deducido del nombre","1"
"ANCHOAS ROLAND X 50 GR","50","GR","deducido del nombre","1"
"HUEVOS","","","FALTA","60"
"PAN PARA PASTAS X  60 TORREJAS","","","FALTA","36"
"RC PAN PARA PASTAS X  60 TORREJAS","","","FALTA","36"
"PORCION DE PATACONES","","","FALTA","15"
"PAN PULLMAN TAJADO X 21 TORREJAS","","","FALTA","15"
"HOJAS ALGAS NORI - CONTROL DE INVENTARIO","","","FALTA","14"
"PORCION DE PAPAS FRANCESA","","","FALTA","14"
"CHORIZO DE TERNERA","","","FALTA","11"
"PAN HAMBURGUESA BRIOCE","","","FALTA","10"
"TOSTADAS PQ X 40 UND","","","FALTA","10"
"LANGOSTINO U 15 - CONTROL COCINA","","","FALTA","7"
"PORCION DE PAPA CASCO","","","FALTA","7"
"PORCION DE ENSALADA DE AGUACATE PARA MOJARRA","","","FALTA","6"
"PORCION DE VERDURAS CALIENTES","","","FALTA","6"
"PALITROQUES BAGUETTE","","","FALTA","6"
"PAN BAGUETTE","","","FALTA","5"
"PAN SERVILLETA X 5 UND","","","FALTA","5"
"AZUCAR SPLENDA X 700 SOBRES (AYB)","","","FALTA","4"
"DEDITOS DE QUESO","","","FALTA","4"
"PORCION DE AHOGADO","","","FALTA","4"
"RC MINI AREPA DE HUEVO","","","FALTA","4"
"EMPANADITA DE CARNE","","","FALTA","4"
"MINI AREPA DE HUEVO","","","FALTA","4"
"CAPSULA NESPRESS0","","","FALTA","4"
"AZUCAR EN SOBRE PQ X 200 (AYB)","","","FALTA","4"
"TORTILLA BIMBO TALLA L","","","FALTA","3"
"RC SALSA HOLANDESA","","","FALTA","3"
"GALLETA DE SODA SALTIN","","","FALTA","3"
"RC SANCOCHITO DE POLLO","","","FALTA","3"
"SANCOCHITO DE POLLO","","","FALTA","3"
"BUTIFARRA CUNIT","","","FALTA","3"
"JUGO DE NARANJA","","","FALTA","3"
"PORCION PURE DE PAPAS","","","FALTA","3"
"ARMA TU MENU ARROZ CREMOSO DE CHAMPIÑONES","","","FALTA","3"
"RC JUGO DE NARANJA","","","FALTA","3"
"ENSALADA CAUJARAL","","","FALTA","2"
"SALCHICHA RANCHERA","","","FALTA","2"
"RC BQ PORCION DE SALSA DE CHAMPAG","","","FALTA","2"
"AROMATICA FRUTOS VERDES CAJA X 20 UND","","","FALTA","2"
"MINI AREPA CHOCLO CON QUESO","","","FALTA","2"
"AROMATICA FRUTO ROJOS X 20 UND","","","FALTA","2"
"TABLA DE QUESO","","","FALTA","2"
"MINI PAN DE HAMBURGUESA BRIOCE","","","FALTA","2"
"PINCHO PALA DE 12 CM PQ X 100","","","FALTA","2"
"MORCILLA DE BURGOS","","","FALTA","2"
"PORCION TARTA DE QUESO","","","FALTA","2"
"MINI CARIBAÑOLA DE QUESO","","","FALTA","2"
"PORCION ENSALADA CAUJARAL","","","FALTA","2"
"MINI EMPANADA DE CARNE","","","FALTA","2"
"ARMA TU MENU ARROZ DE CEBOLLA","","","FALTA","2"
"RC MINI EMPANADA DE CARNE","","","FALTA","2"
"RC MINI CARIBAÑOLA DE QUESO","","","FALTA","2"
"RC ENSALADA CAUJARAL","","","FALTA","2"
"RC MINI AREPA DE QUESO FRITA","","","FALTA","2"
"MEZCLADORES CAFE MADERA 14 CM PAQ 1000 UND (EMPAQUE INDIVIDUAL)","","","FALTA","2"
"BROWNIE","","","FALTA","2"
"RC MINI AREPA DULCE","","","FALTA","2"
"RIB EYE CERTIFIED ANGUS BEEF X 350","","","FALTA","2"
"RECETA CHICHARRON AL BARRIL/FRITO","","","FALTA","2"
"RC CHICHARRON AL BARRIL/FRITO","","","FALTA","2"
"RC YUCA CON MOJO","","","FALTA","2"
"FLORES COMESTIBLES X 20 UND","","","FALTA","2"
"ALGAS NORI PQ X 50 HOJAS","","","FALTA","1"
"ARMA TU MENU MAIZ DULCE","","","FALTA","1"
"ARMA TU MENU ESPARRAGOS CON SALSA FRANCESA","","","FALTA","1"
"ARMA TU MENU ENSALADA TROPICAL DEL CHEF","","","FALTA","1"
"ARMA TU MENU MOZARELLA CAPRESSE","","","FALTA","1"
"MUELAS DE CANGREJO X 10 UND","","","FALTA","1"
"ARMA TU MENU ENSALADA GOURMET","","","FALTA","1"
"ARMA TU MENU APERITIVO DEL MAR","","","FALTA","1"
"ARMA TU MENU ATADITO DE VERDURAS","","","FALTA","1"
"AROMATICA MANZANILLA CAJA X 20 UND","","","FALTA","1"
"ARMA TU MENU ARROZ DE CEBOLLA PUERRO","","","FALTA","1"
"TRAGO BUCHANAN´S 12 AÑOS","","","FALTA","1"
"BOLSA BIO No 60 ANCHO 30 CM, ALTO 43 CM, FUELLE 17 CM","","","FALTA","1"
"BUTIFARRA ARTESANAL","","","FALTA","1"
"ARMA TU MENU TIMBAL DE LOMO FINO","","","FALTA","1"
"ARMA TU MENU PIMENTONES AHUMADOS EN ACEITE DE OLIVA","","","FALTA","1"
"LIMONADA NATURAL","","","FALTA","1"
"PORCION DE ENSALADA DE AGUACATE","","","FALTA","1"
"PORCION DE SALSA DE CHAMPIÑONES","","","FALTA","1"
"MAZORCA AMERICANA","","","FALTA","1"
"MAZO DE HOJA DE BIJAO","","","FALTA","1"
"PICAÑA ANGU CERTIFIED","","","FALTA","1"
"QUIBBES","","","FALTA","1"
"RC AREPA ANTIOQUEÑA","","","FALTA","1"
"RC CEVICHE DE PESCADO","","","FALTA","1"
"PORCION TORTA TIRAMISU","","","FALTA","1"
"PORTACOMIDA SIN DIVISIONES 8"" ECOLOGICOS","","","FALTA","1"
"QUESO BRIE","","","FALTA","1"
"PEPPER STEAK","","","FALTA","1"
"MINI PAN PERRO","","","FALTA","1"
"MINI BURGUER ANGUS X 3 UND","","","FALTA","1"
"PAN PERRO","","","FALTA","1"
"MOLCAJETE DE CAMARON","","","FALTA","1"
"MOJITO CUBANO","","","FALTA","1"
"MINI PAN SURTIDO","","","FALTA","1"
"PASTAS CON POLLO","","","FALTA","1"
"PASTAS NAPOLITANA","","","FALTA","1"
"MEZCLADOR PQ X 1000 UND","","","FALTA","1"
"PAPEL ALUMINIO X 300 MTS","","","FALTA","1"
"PAPEL PARAFINADO 30 X 30 CM LOGO UNA TINTA","","","FALTA","1"
"PASTAS A LA BOLOÑESA","","","FALTA","1"
"SALCHICHA SUPERPERRO MINI","","","FALTA","1"
"CONO CANASTA DE HELADOS","","","FALTA","1"
"CEVICHE DE PESCADO","","","FALTA","1"
"DEDITO COCTEL","","","FALTA","1"
"CUBA LIBRE","","","FALTA","1"
"SALCHICHA SUPERPERRO","","","FALTA","1"
"SB PORCION DE RAVIOLIS MOZZARELLA DE TRUFAS","","","FALTA","1"
"SB PORCION DE RAVIOLOS 4 QUESO","","","FALTA","1"
"SHOT ZUMO DE LIMON","","","FALTA","1"
"SB PORCION DE RAVIOLIS DE MOZZARELLA Y PASTA DE TOMATE","","","FALTA","1"
"SB PORCION DE RAVIOLIS DE PERAS Y QUESO AZUL","","","FALTA","1"
"SB PORCION DE RAVIOLIS DE SALMON","","","FALTA","1"
"RC PICAÑA ANGU CERTIFIED","","","FALTA","1"
"RC ENSALADA TRATTORIA ACOMPAÑANTE","","","FALTA","1"
"GALLETA OREO","","","FALTA","1"
"RC MINI BURGUER ANGUS X 3 UND","","","FALTA","1"
"RC CHICHEN TENDERS DE PRODUCCION","","","FALTA","1"
"RC DADOS DE POLLO EN MANTEQUILLA DE PIMIENTA","","","FALTA","1"
"RC DEDITO DE QUESO FRITO","","","FALTA","1"
"RC PASTAS CON POLLO","","","FALTA","1"
"RC PASTAS NAPOLITANA","","","FALTA","1"
"RC PEPPER STEAK","","","FALTA","1"
"RC MINI CARIBAÑOLA DE CARNE","","","FALTA","1"
"RC MOLCAJETE DE CAMARON","","","FALTA","1"
"RC PASTAS A LA BOLOÑESA","","","FALTA","1"
